timepoint,wasserstein_ot,l2_dist,cosine_dist,correlation_dist,n_obs_cells,n_pred_cells,gaussian_mmd,energy_distance_mmd,hausdorff_loss,metric_sample_pred_cells,metric_sample_obs_cells
16.33,233002.70129607568,821.3505832431075,0.1376650281561159,0.1481282091115432,6165.0,1000.0,0.34351159526699737,490.67572021484375,1575.3876953125,1000,1000
16.67,175666.65794359887,800.5497137470489,0.1333957825712828,0.1433549059392599,2827.0,1000.0,0.20465779924828542,306.4864501953125,2425.262451171875,1000,1000
17.0,174720.21669526017,742.0480385794201,0.1136833865827981,0.1222749234128706,4869.0,1000.0,0.2320201138665744,304.57550048828125,1793.4500732421875,1000,1000
18.0,308068.7303958789,802.1930456295446,0.1522342283365933,0.1619379174376405,6953.0,1000.0,0.5426288650401514,665.2188720703125,1912.518798828125,1000,1000
20.0,316410.8929434222,862.9230859745662,0.2331320872187435,0.251452685028077,4481.0,1000.0,0.47244691781696946,619.5491943359375,3913.548095703125,1000,1000
22.0,369488.0041295483,1027.4543309209737,0.2323527694099733,0.2510840212680706,3416.0,1000.0,0.277694926296439,483.0511474609375,2772.781005859375,1000,1000
24.0,501082.4370878,1090.903609104929,0.2220741505501085,0.2386070910355969,4206.0,1000.0,0.25608170358063,441.6871337890625,6348.0361328125,1000,1000
28.0,725142.9007436049,1266.3182554849554,0.2816380257108288,0.3029454575337676,5244.0,1000.0,0.25959332785559197,581.19140625,3833.87060546875,1000,1000
30.0,242132.11581913815,813.7980940757308,0.2490537367465958,0.2695556621830722,9142.0,1000.0,0.4599377696631606,616.9729614257812,1668.456787109375,1000,1000
