timepoint,wasserstein_ot,l2_dist,cosine_dist,correlation_dist,n_obs_cells,n_pred_cells
16.33,208846.66517298433,835.7601947379255,0.1259251601226233,0.13594209773767824,6165,2000
16.67,176005.71154052293,876.6879373206208,0.1377894790960192,0.14914686214588282,2827,2000
17.0,224862.37384647125,842.7163143376641,0.12323658711866736,0.1333128829587255,4869,2000
18.0,497716.5723679345,936.0993265924818,0.19277469381801693,0.20572365343754453,6953,2000
20.0,621665.5327147294,1098.6203583405577,0.2365403409164534,0.25670551695945504,4481,2000
22.0,642694.678626721,1358.8304420109532,0.23557232095880548,0.2560989550929893,3416,2000
24.0,817859.5332691014,1514.2902217702908,0.24255640405891926,0.26215780565211905,4206,2000
28.0,1588092.7662742548,1925.1183847343727,0.3109043576453782,0.3361042084236048,5244,2000
30.0,2597897.534373467,1990.7301222543795,0.18335692954286936,0.19980133228001518,9142,2000
