	hCiPSCs_3_corr	hCiPSCs_3_pval	hCiPSCs_3_qval	hCiPSCs_3_ci_low	hCiPSCs_3_ci_high
IRX2	0.3221226422014063	4.902122171474932e-196	9.69149553300594e-193	0.30234318409350386	0.3416248156888329
LECT1	0.28009984396550575	4.632917778919196e-146	4.579639224461624e-143	0.2597807170081004	0.30017105446417774
SOX2	0.2556874460771791	6.235874827226958e-121	4.1094415111425654e-118	0.23509100785346554	0.276054364607922
TRIM71	0.2425396194766571	1.614913443056565e-108	7.981709692307072e-106	0.22180483240470628	0.2630551638467575
PWAR6	0.22949131770824738	5.996866248778179e-97	2.371160914766892e-94	0.20862683653998362	0.25014699417913017
SALL4	0.22383623305299138	3.672541935516575e-92	1.2101025677527113e-89	0.2029178953215407	0.24455036053888574
SCG3	0.2195201211415012	1.3409046479571762e-88	3.787097841444768e-86	0.19856163531780044	0.24027793112809645
FRAT2	0.21248009381073182	5.894421963214384e-83	1.4566590276593545e-80	0.19145789878546712	0.2333074283233528
SEMA6A	0.21113055008475523	6.739406741624347e-82	1.4804230142434816e-79	0.19009639379013937	0.23197096763056585
CECR2	0.20540187547519986	1.7249009695403698e-77	3.410129216781311e-75	0.18431784532167353	0.22629695313837234
MT-ND5	0.20488179893740846	4.268495919526753e-77	7.671651302640355e-75	0.18379331315557132	0.22578176868712876
FAM60A	0.20294739899111938	1.2139530923807237e-75	1.9999877196972423e-73	0.1818424461165944	0.22386546201436133
MT-ND4	0.20165524861352763	1.1140079506930043e-74	1.6941490142462072e-72	0.18053938851505164	0.22258530756478073
CDH1	0.2000918481347195	1.5942960102508793e-73	2.2513737230471345e-71	0.17896289024284287	0.2210363247174323
ID4	0.19773113774070372	8.488115950881506e-72	1.1187336823261824e-69	0.1765826079775295	0.21869718446098688
NLGN4X	0.19746614870778337	1.3218169791517647e-71	1.6332701048643993e-69	0.17631543744827852	0.21843460162681672
RP11-1144P22.1	0.1961526426552354	1.1761814015523786e-70	1.3678297828641484e-68	0.1749911640922239	0.21713297786692304
MT-ND2	0.19371083621529608	6.557250755237107e-69	7.202047079502089e-67	0.17252954469940868	0.2147130623138899
MT-CO1	0.18844331779178	3.178326742224691e-65	3.2449171723581315e-63	0.16722018617212128	0.20949188910442437
MT-ND1	0.18842295970473852	3.282667852663765e-65	3.2449171723581315e-63	0.16719966876762785	0.20947170780530758
EIF3A	0.1882550548249429	4.284145237146357e-65	4.033216730399213e-63	0.16703045060597296	0.20930526031358052
CYP2S1	0.18552171569214918	3.151646646721175e-63	2.8321842820762555e-61	0.16427590828714422	0.20659547456519275
XRCC5	0.1846094773634972	1.3029233876024527e-62	1.119947624908717e-60	0.16335666724120496	0.20569102510356188
NUCKS1	0.18329224618923612	9.979806069170408e-62	8.220865249479123e-60	0.16202938956767837	0.20438497715372977
RPS8	0.18047844387453607	7.326878465747286e-60	5.794095490712954e-58	0.15919438411603523	0.20159481230991538
CLDN6	0.17818229319752613	2.3138334498084098e-58	1.7594033577966255e-56	0.15688119108711246	0.19931769658197837
TPI1	0.1768889261580692	1.584128454043502e-57	1.1599340569051863e-55	0.15557832738585903	0.1980349509737678
EIF1AX	0.17561652392717902	1.0358680472763153e-56	7.313968319518841e-55	0.1542966547741773	0.19677292732442742
MT-CYB	0.17484147396465907	3.228095238823855e-56	2.2006704438464693e-54	0.15351599316825176	0.19600416483968236
CTSV	0.1747882062322684	3.4896922350965624e-56	2.2997071829286345e-54	0.15346234073575268	0.19595132827847894
GNAS	0.17409587803848536	9.585433227552851e-56	6.113032738990964e-54	0.1527650239777658	0.1952645928995653
SLC7A8	0.17393876499778874	1.2048567197154097e-55	7.443755421491766e-54	0.15260678181745527	0.1951087461706919
LIN28B	0.1725458297891723	9.063734884091595e-55	5.43000117146942e-53	0.15120388387789066	0.1937269910928567
SOX11	0.1719322628178893	2.1924805463877902e-54	1.2748629530025474e-52	0.15058595574788408	0.19311832213928753
YWHAE	0.17179068695716895	2.6868714225029685e-54	1.517698514939534e-52	0.15044337595168045	0.19297787414312106
MORF4L1	0.17170148323172718	3.053863660746259e-54	1.6770801270264874e-52	0.15035354012539368	0.19288938061359548
CALM1	0.1716772020261757	3.162127095818044e-54	1.6896014239006142e-52	0.1503290869233777	0.1928652926633072
LRRN1	0.17140972722681716	4.639718609642634e-54	2.4138746555956547e-52	0.1500597191889664	0.19259994501839928
COX7A2	0.16993215521009622	3.81344636950104e-53	1.9331239673086044e-51	0.1485717474227264	0.19113406788512566
SPINT2	0.16930476530948502	9.272473716693176e-53	4.582920134475602e-51	0.14793997095032277	0.19051161512881368
SNRPD2	0.16888521485088906	1.6764445140189984e-52	8.08373366881844e-51	0.14751749681622325	0.19009535674083472
PRDX2	0.16840145142816487	3.312070205584156e-52	1.5590387610571133e-50	0.14703037192262391	0.1896153797801648
HMGN1	0.16757004284332047	1.062177381608373e-51	4.883545775441287e-50	0.14619321044204128	0.1887904550220663
NAP1L1	0.16532953052974403	2.3808824373550338e-50	1.069773767875205e-48	0.14393734742093728	0.18656726646971117
SUMO2	0.1649305977833953	4.122630615712333e-50	1.8112090505029517e-48	0.14353570473242538	0.1861713954793544
PDPN	0.16317716485806635	4.527976601430531e-49	1.946045595875687e-47	0.14177044433572905	0.18443133814384047
TSTD1	0.1626406780876103	9.374870408228356e-49	3.943429531290949e-47	0.14123036598846847	0.18389891719696158
HSP90AB1	0.16216677014878736	1.7792575459990226e-48	7.328317017583474e-47	0.14075329601547015	0.18342859044459445
HNRNPD	0.1620726619167647	2.0202049832593156e-48	8.150908677354422e-47	0.14065856105282679	0.18333519220307792
SMPDL3B	0.16158842862350717	3.8785168396765096e-48	1.5335655584080918e-46	0.14017110912104758	0.18285460609215293
CALM2	0.15805440378654115	4.25407216215983e-46	1.6490785616843106e-44	0.13661390840507354	0.17934689129381443
GABRB3	0.15783993754568534	5.637348725506271e-46	2.1432766212165187e-44	0.1363980535041539	0.17913400428150045
USP44	0.15769049998647522	6.8575245777667014e-46	2.557986054763164e-44	0.13624764954647126	0.17898566593136497
LINC00678	0.15707280147402142	1.538124652949914e-45	5.631245257188852e-44	0.13562596692376036	0.1783725007153241
HNRNPU	0.15677218457638284	2.2761518706658402e-45	8.18173136055703e-44	0.13532341717862328	0.1780740840639647
FOXH1	0.15644209873762047	3.497029140772814e-45	1.2345761805906881e-43	0.13499121362599775	0.17774640964446448
ID1	0.15628404183396447	4.2939212564190516e-45	1.489312688410608e-43	0.13483214439264224	0.17758950574193078
PRODH	0.15543814870780095	1.2834445452908286e-44	4.374775631103393e-43	0.13398085224660664	0.17674976486636368
ZFAND5	0.15540557685413395	1.3385452077666777e-44	4.485260806363935e-43	0.1339480731321428	0.17671742929013173
HNRNPC	0.15536167648908428	1.4165503414142123e-44	4.667533374959829e-43	0.1339038934951483	0.1766738473071729
EIF3K	0.1548374133577035	2.7824589907992324e-44	9.017903975098497e-43	0.1333763018578228	0.17615337987266935
PEBP1	0.154748449273955	3.119453915819819e-44	9.947032889638359e-43	0.13328677415519727	0.17606505871144684
HNRNPA3	0.1541741116577006	6.5145603171336e-44	2.0443310709481153e-42	0.1327088063369674	0.1754948634381978
COX4I1	0.15338158801851906	1.7911198229688364e-43	5.532881078139671e-42	0.13191129738167487	0.17470803229498535
SERBP1	0.15330033740018476	1.9861920477659775e-43	6.041079505282057e-42	0.13182953723266316	0.17462736373979382
NDUFB7	0.15282983218001722	3.610066365062852e-43	1.081378970262009e-41	0.1313560871714319	0.17416022349544072
CFL1	0.15100935277611904	3.578000718843031e-42	1.0557772270377123e-40	0.1295243058571833	0.17235267341812005
TFAP2A	0.15059728887816393	5.989215657678687e-42	1.74127637576923e-40	0.12910970413365203	0.17194351611129344
MT-CO3	0.15008360233841772	1.1359929657113251e-41	3.254866801755492e-40	0.12859286441293905	0.17143344266873392
YWHAB	0.15000364016477172	1.254761459520672e-41	3.5438048649605267e-40	0.1285124124546101	0.17135404189241363
NDUFS6	0.1498290717533049	1.55868053102595e-41	4.340156915265216e-40	0.12833677575876737	0.1711806981247522
COX5B	0.1492061529458141	3.372415628617142e-41	9.260091246911236e-40	0.1277100559419037	0.17056213848381385
EIF3E	0.1478536219927251	1.7810431893956384e-40	4.823455322513941e-39	0.12634933103330276	0.16921901454783322
NDUFAB1	0.14778813056112688	1.9297231582373303e-40	5.1554901132908136e-39	0.12628344489303833	0.1691539766026918
RIF1	0.14678143244311417	6.587235679611857e-40	1.7363953251456856e-38	0.1252707034037095	0.16815422581416334
UGP2	0.14582141845192867	2.1068295030307474e-39	5.480528851962878e-38	0.12430496804992522	0.16720079602225116
ATP5B	0.14562715122494296	2.663077186253595e-39	6.837537139251113e-38	0.12410954801419007	0.16700785630089843
SRP14	0.14561360927000297	2.7068958262074055e-39	6.860939805656463e-38	0.12409592576163833	0.16699440682249886
IRX1	0.14554537188847524	2.9388413257859354e-39	7.354543419087081e-38	0.12402728388699019	0.16692663530557705
MT-CO2	0.14528011266423918	4.043936570692954e-39	9.99357825032496e-38	0.12376045423261345	0.16666318511796696
EEF2	0.14523183822509375	4.285532425498005e-39	1.0459873586678465e-37	0.12371189432610893	0.16661523957643254
PKIB	0.14520749976422387	4.4127237706109146e-39	1.0638969383533877e-37	0.12368741198061492	0.16659106689709932
RPL4	0.14486827223362764	6.630005005404631e-39	1.579219264540356e-37	0.1233461817248616	0.16625414734062355
PA2G4	0.1444963847812698	1.0347768661556148e-38	2.4354212671305362e-37	0.12297210457821375	0.1658847843304014
UQCRH	0.14422605865774785	1.4290748099505477e-38	3.3238598814967445e-37	0.12270019059813414	0.16561628946492984
HSP90B1	0.1440073706798997	1.854725599525678e-38	4.263712221235193e-37	0.12248022044343652	0.1653990806148911
VRTN	0.1439650419397619	1.9506279548517244e-38	4.432633869818229e-37	0.12243764377241129	0.16535703793159792
YBX1	0.14352210577615995	3.3028009047622927e-38	7.420042487176196e-37	0.12199211796450617	0.16491709045876055
SLC7A3	0.14284151288533917	7.393827649612948e-38	1.6424266587960445e-36	0.12130756286718025	0.1642410732445716
PTPRZ1	0.14280346019344986	7.733680349361524e-38	1.698831783409748e-36	0.12126928924863828	0.1642032757903864
FZD5	0.14255381863495326	1.0382229841050217e-37	2.255567955577613e-36	0.12101819990693652	0.1639553071394515
NDUFB2	0.14226462652691818	1.4593752788697073e-37	3.136070572092838e-36	0.12072733408961867	0.16366804959532946
APOC1	0.1422438685321555	1.4954413686130858e-37	3.179018909406527e-36	0.12070645609949726	0.16364743032251503
PODXL	0.14210062370052862	1.7696585983019328e-37	3.7219309030243845e-36	0.12056238373450648	0.1635051422605723
TPM3	0.1419640450916811	2.077472246825005e-37	4.3233290862874053e-36	0.1204250169483961	0.16336947506664373
ATP5G3	0.14193645703943436	2.1458273213122002e-37	4.4190631398273124e-36	0.12039726978924534	0.16334207101641382
FAU	0.1419244551707712	2.176257717449717e-37	4.435527327214526e-36	0.12038519871343646	0.16333014918542652
DNMT3B	0.1417999802717083	2.518284129464998e-37	5.080252779543164e-36	0.12026000642235418	0.16320650401192865
RANBP1	0.14140024821628325	4.020629249726786e-37	8.0290747744544e-36	0.11985797520509986	0.16280943194581074
EPCAM	0.14117918000992474	5.204862984119922e-37	1.0290014119605085e-35	0.11963563850213609	0.16258983184434928
MIF	0.14105449942388512	6.019504484902098e-37	1.178273303628856e-35	0.11951024344783621	0.1624659783214783
SET	0.14087023695417736	7.460781393306433e-37	1.4460749818202763e-35	0.11932492634100075	0.16228293691335466
HSPD1	0.14078047980997194	8.28226271912445e-37	1.589711980165926e-35	0.11923465601021319	0.1621937740336796
RBM8A	0.1404149065431434	1.2664978029943009e-36	2.407563612038205e-35	0.11886699625763596	0.16183061754367878
PABPC1	0.1402993260594591	1.4481661189848593e-36	2.726689921174349e-35	0.11875075733522268	0.16171579994681184
SERF2	0.14015883447826377	1.7041663580782365e-36	3.1780994634907613e-35	0.118609466197094	0.16157623489690268
MT-ATP6	0.1401508159361051	1.7200639483738566e-36	3.1780994634907613e-35	0.11860140204663269	0.16156826921057518
PTGES3	0.13981779470597405	2.528204663953973e-36	4.6280190931824115e-35	0.11826648915079621	0.16123744069191856
BTF3	0.1397045109695153	2.881490611776074e-36	5.226336641725962e-35	0.11815256304460639	0.16112490175221317
AURKAIP1	0.13954365443351585	3.468923882252643e-36	6.234602286557705e-35	0.11799079535450108	0.16096510182867202
EDF1	0.13944252257068748	3.8976704069707675e-36	6.942067022145232e-35	0.11788909122707973	0.16086463369198095
LDHB	0.13930001954767995	4.5925554705720517e-36	8.106680504750845e-35	0.11774578260416214	0.16072306515958215
HNRNPM	0.13925249387076452	4.8506468770851125e-36	8.486485730971033e-35	0.11769798845411847	0.16067585094529788
NASP	0.13867540343028234	9.407168238784802e-36	1.631401018252417e-34	0.11711764599053764	0.16010253468129274
NMRK2	0.13828455966918185	1.4708736160304992e-35	2.52862359903678e-34	0.11672460810684844	0.15971423883069236
ATP5G2	0.13793141177621251	2.2002910455157493e-35	3.7499787905039966e-34	0.11636948351618107	0.15936338740605138
RPL7	0.13786829641718473	2.364234476971085e-35	3.99495005211268e-34	0.11630601545815021	0.15930068190657254
L1TD1	0.1376199500217369	3.1358354068091585e-35	5.253853050221785e-34	0.11605628297187273	0.1590539465480419
KPNB1	0.1370346299060289	6.088983283203217e-35	1.0115899118397277e-33	0.11546770680566713	0.158472412844709
RPS26	0.13684621969731806	7.534252773019031e-35	1.2412681443548854e-33	0.11527825172040289	0.15828521828969824
HNRNPA1	0.13682719010197494	7.697947745190825e-35	1.257755594400187e-33	0.11525911667886236	0.15826631139074968
DPPA4	0.13650185903159348	1.1111031326001026e-34	1.80053351897574e-33	0.11493198537017238	0.15794307551316467
MT-ND3	0.13642609206223885	1.2100854114871412e-34	1.9449909418781122e-33	0.1148557998115563	0.15786779583753516
DEK	0.136046168963666	1.8549607474018505e-34	2.9574656432366603e-33	0.11447378158063674	0.15749031244841072
RPS5	0.13549625878324423	3.4348581736768766e-34	5.432571687487348e-33	0.11392085015368057	0.15694392246428232
HSP90AA1	0.13544665151634608	3.6307082512328123e-34	5.696754137053389e-33	0.11387097099810246	0.1568946321078232
HNRNPK	0.13531865131853937	4.188790288982143e-34	6.520660158517871e-33	0.1137422697561896	0.15676744913133325
COX5A	0.13500371333156597	5.9513672341388405e-34	9.192072673353505e-33	0.11342560996856768	0.1564545188474748
PARK7	0.13462670226595547	9.051557808105677e-34	1.3872038594282887e-32	0.11304654350688619	0.15607990553210244
RPL21	0.13409725594660218	1.6276829243260047e-33	2.47533010876347e-32	0.1125142213473749	0.155553816015658
ST6GAL1	0.13386816547980468	2.096617146608836e-33	3.1641313731646327e-32	0.11228389034969583	0.15532617425861658
SERPINB9	0.13364933300918305	2.669091919266208e-33	3.99757176090098e-32	0.1120638750614649	0.15510872350063318
SLC25A6	0.13332208360280456	3.826662391899533e-33	5.68820417201908e-32	0.11173486077879924	0.15478353647359566
ATP5J2	0.13321011419391146	4.327739847327143e-33	6.385031103108777e-32	0.1116222885986372	0.15467227164646574
COX6A1	0.13312052451689493	4.775152503547552e-33	6.992945555195193e-32	0.11153221702743421	0.15458324533182516
FST	0.13228013846726522	1.1976432476505092e-32	1.7409858092684238e-31	0.11068732789127717	0.15374812687112063
UBB	0.13203991068810664	1.5559656752610518e-32	2.2453606861248903e-31	0.11044581862219431	0.15350939921705845
TCEB2	0.13190901184377848	1.7941126229550437e-32	2.5702613446247255e-31	0.11031422257414313	0.15337931672807903
PFN1	0.13110369898189583	4.295025296963449e-32	6.108823749709883e-31	0.1095046370490548	0.15257900985722384
SNRPF	0.13097629619632878	4.9285969527359965e-32	6.95988298254219e-31	0.10937656094137883	0.15245239645325753
TUBB	0.12972259435053538	1.8948172744144314e-31	2.6567757102959792e-30	0.10811627154983841	0.15120642488309957
MIR205HG	0.12968174485373377	1.9793643910016886e-31	2.7557770429650272e-30	0.1080752085785953	0.15116582611424337
COX8A	0.1295914239450002	2.1798278458547235e-31	3.0136501057725795e-30	0.10798441592563233	0.15107605932409676
SNRPG	0.12937683421839682	2.7405739720394874e-31	3.76257968244588e-30	0.10776870684675913	0.15086278468401818
RPL36AL	0.12923284484536307	3.1948944684251293e-31	4.356073354535504e-30	0.107623967530661	0.1507196766106709
TIMM13	0.1288913608167926	4.5934013994872835e-31	6.21996888136052e-30	0.10728070860534834	0.1503802790648115
H3F3B	0.12885894768999828	4.754212532665597e-31	6.393930732707406e-30	0.10724812727585926	0.1503480637204642
GSTP1	0.12877267133989329	5.210000367262602e-31	6.95957481491768e-30	0.10716140343474857	0.15026231359971787
LIN28A	0.12828139518527373	8.764196917045765e-31	1.1628736446308374e-29	0.10666758543738379	0.1497740277461319
EZR	0.12812469882803412	1.0341164857713637e-30	1.3629655282466574e-29	0.10651008058240774	0.14961828296343796
PPIB	0.12787407483356478	1.3468270789855834e-30	1.7633623411619197e-29	0.10625816571174317	0.14936917872337843
ESRP1	0.12767664153629724	1.6578270169252627e-30	2.1562657976718713e-29	0.10605971745885075	0.14917294071700882
FBXO2	0.1276360043129257	1.7301855773782242e-30	2.2356711676318624e-29	0.10601887154328225	0.14913254930737094
UQCR10	0.1273039169885364	2.4517932195552567e-30	3.14752934744204e-29	0.10568508152055973	0.1488024680839176
RPL9	0.12712756337339434	2.949269748231987e-30	3.7617459950029925e-29	0.10550782567492235	0.14862717785286908
SNRPB	0.1270855735485533	3.0817724010115305e-30	3.905553869743459e-29	0.10546562123135236	0.14858544102081317
YWHAZ	0.12705568137042692	3.1796828673374526e-30	4.0039700819911745e-29	0.10543557631554466	0.1485557288992995
SLC25A5	0.12702051111562054	3.2988399339392684e-30	4.1277256641759077e-29	0.10540022640463018	0.14852077044408724
METAP2	0.12694419184812022	3.5728644913451456e-30	4.4424862260310397e-29	0.10532351747225667	0.14844491059576745
ATP5D	0.12661475917516005	5.0391881985772546e-30	6.22654691786702e-29	0.1049924057603401	0.1481174581055738
SNRPE	0.12660081885405397	5.112948758682636e-30	6.278447016096628e-29	0.10497839449449899	0.14810360147419505
ARID3A	0.12646854387150422	5.868370349967754e-30	7.161585297460647e-29	0.10484544676856702	0.1479721201749901
RPSA	0.12637715892311632	6.453953869565055e-30	7.827893742411112e-29	0.10475359749271625	0.14788128311542212
RPL6	0.12636128146755	6.561448794766819e-30	7.909746504423172e-29	0.10473763940131829	0.14786550081447214
EIF5B	0.12609204654960907	8.67973916769878e-30	1.0399905657297265e-28	0.10446703883235846	0.14759787777132477
HNRNPAB	0.12605923867657248	8.98038188386837e-30	1.0695310231570945e-28	0.10443406476549506	0.14756526609954432
PTMS	0.12586324942992494	1.1004098270473996e-29	1.3027007353728798e-28	0.10423708369254497	0.1473704479552935
TXN	0.12567861350030973	1.3322087569570328e-29	1.5677242336333654e-28	0.10405151494350075	0.14718691376152315
PTMA	0.12545682283851275	1.675445969333186e-29	1.9599743676755672e-28	0.10382860573956369	0.14696644458236194
ZIC2	0.12525999594250542	2.0527282274167502e-29	2.3872021797664205e-28	0.10363078801920268	0.14677078863890064
CCND1	0.12506547529189221	2.5081832800807298e-29	2.8998118974968436e-28	0.1034352898350357	0.14657742356691075
EIF4A1	0.12485382502612902	3.1181214502301243e-29	3.5840268064563697e-28	0.10322257785197272	0.1463670287732435
PLA2G16	0.1245305166284134	4.3449183653905323e-29	4.965262201374036e-28	0.10289765143734074	0.1460456344266172
CRABP1	0.12434366710703827	5.261139739811816e-29	5.977743256096529e-28	0.10270986892101501	0.14585988902132885
ATP5L	0.12432976452050613	5.336514114540134e-29	6.028736231111912e-28	0.10269589697638823	0.14584606852620333
C9orf135	0.12422126152041775	5.962772792520976e-29	6.697955574326119e-28	0.10258685296302936	0.14573820592151407
MZT2B	0.1241986382747351	6.102260250962647e-29	6.815914415905736e-28	0.10256411697974342	0.14571571613600903
PRDX6	0.12406893640316204	6.966733436447473e-29	7.737770788683513e-28	0.10243376920580617	0.14558677897895222
RPS20	0.12402458948383231	7.289340963089519e-29	8.050853119568703e-28	0.10238920161369489	0.14554269335873155
ALPL	0.12399979476920159	7.47612690914042e-29	8.211279388539227e-28	0.10236428355701768	0.14551804470126187
DDX21	0.12386362528740408	8.589807038752507e-29	9.382347246195418e-28	0.10222743718009278	0.1453826768709942
NCL	0.12383156620253709	8.875071288484363e-29	9.640668097436036e-28	0.10219521884940419	0.14535080640591785
RBPMS2	0.1236818859750159	1.0336326488380126e-28	1.1166621566954924e-27	0.10204479572192313	0.1452020062317813
AP2M1	0.12345734602343547	1.2987108272937254e-28	1.3954083182389647e-27	0.1018191431785789	0.14497878464999503
USP28	0.12319135908860757	1.701064159944076e-28	1.8178399157888857e-27	0.10155184116397019	0.144714356603154
KTN1	0.12276688803422439	2.6135381021009393e-28	2.7779380794911595e-27	0.1011252779318706	0.14429236690790226
SLC2A3	0.1224620969165548	3.5542168932541193e-28	3.757586522975077e-27	0.10081898943557013	0.143989352698895
RBM3	0.12239897755204182	3.787486897599454e-28	3.982905104550064e-27	0.10075556049083224	0.1439266008108343
NR6A1	0.12233688412913118	4.0317667245890947e-28	4.217355986514624e-27	0.10069316269128324	0.1438648687224854
GNG5	0.12230435200100273	4.165923056211925e-28	4.334752569542618e-27	0.10066047116142156	0.14383252583870026
COX7C	0.12222906635582352	4.49360214197156e-28	4.651231117632343e-27	0.10058481680898711	0.14375767796521463
ID2	0.12221754915396113	4.545935703338324e-28	4.6808931695311805e-27	0.10057324322434395	0.1437462277119663
NOP58	0.1215196497448188	9.150321369494897e-28	9.373153029788296e-27	0.09987193816102283	0.14305237438096965
CALR	0.12074807084121753	1.9735635858977576e-27	2.0112037161442612e-26	0.09909661909093574	0.1422852440761685
SSBP1	0.12067823379178788	2.115231750516519e-27	2.1445195747544398e-26	0.09902644480940705	0.14221580840084527
C14orf2	0.12061938968291536	2.2423938307320927e-27	2.2618431649782385e-26	0.0989673167187882	0.14215730232186533
RPS25	0.12038736062769305	2.8220330198786307e-27	2.832060548375661e-26	0.09873416938108628	0.14192660469058196
ZFP42	0.1203289834608878	2.9898738585335717e-27	2.985343746626703e-26	0.09867551123516602	0.14186856213392937
POLR2L	0.12031525951391034	3.0307469367789445e-27	3.010948087443203e-26	0.09866172125437102	0.14185491682928705
OAZ1	0.11994396687639736	4.3734393497764675e-27	4.323144797254038e-26	0.0982886452700267	0.14148574870349748
GPX4	0.11959525375415649	6.165273849184408e-27	6.064052935242575e-26	0.09793826279502352	0.14113902543829676
DIAPH2	0.11944860498305229	7.120902850996786e-27	6.969319275455764e-26	0.09779091359345793	0.1409932119084351
HELLS	0.1193927941988406	7.521973953566122e-27	7.325587441477942e-26	0.09773483649271368	0.14093771875019095
COX7B	0.1187703025049967	1.383507928085347e-26	1.3407819479532996e-25	0.0971093837294452	0.1403187605561282
LRPPRC	0.11873303403667461	1.4347669475553384e-26	1.3836752464960506e-25	0.09707193852521101	0.1402817031034473
H3F3A	0.11860161625719738	1.6310024907332248e-26	1.5652873418347502e-25	0.09693989802083387	0.14015102893519862
ASPM	0.11827493015825183	2.2417015817253753e-26	2.140987452691337e-25	0.09661166721907122	0.1398261880965543
SKP1	0.11808572925953793	2.693979476616423e-26	2.5605756852262825e-25	0.09642157385727372	0.13963805376264382
HMGB2	0.11783129098142256	3.4476747147452045e-26	3.2612693354312292e-25	0.09616593788220297	0.13938504735269416
NGFRAP1	0.11765420863581166	4.0921183970497296e-26	3.852437176651103e-25	0.09598802365778746	0.1392089598888244
TDGF1	0.11739541054844273	5.254207088806028e-26	4.923017732023468e-25	0.0957280123059928	0.1389516133257427
GPX1	0.11736586374553554	5.40612129911727e-26	5.041463117148511e-25	0.09569832717356136	0.1389222320572096
NDUFC2	0.11729258321412425	5.801935125839459e-26	5.385176405532681e-25	0.09562470373037393	0.13884936191225541
ARPC2	0.11674613600843385	9.812685304178596e-26	9.065270488953777e-25	0.09507570693320017	0.13830596756571953
RPS13	0.11652977768013391	1.2073864306818555e-25	1.10969160457104e-24	0.0948583427716717	0.13809081438816984
CNTNAP2	0.1165254417128517	1.2124096438408935e-25	1.10969160457104e-24	0.09485398666793217	0.13808650255212424
TKT	0.11650330878998183	1.2383750354597085e-25	1.128233845669974e-24	0.0948317509715491	0.13806449279429484
SFPQ	0.11627512107954156	1.5403809354811983e-25	1.3969417933240043e-24	0.09460250493957337	0.13783757365867988
RPL36A	0.11617263813140061	1.6987599151340834e-25	1.533538060374467e-24	0.09449954742934775	0.13773565971227306
MRPL51	0.11611395026437994	1.7966152022349224e-25	1.6145037521902008e-24	0.09444058800845472	0.1376772974840828
RPS9	0.11599505691105665	2.012295715739547e-25	1.800139651591441e-24	0.09432114499122353	0.1375590633702344
AP2S1	0.11594285072480777	2.1149274110024587e-25	1.8834285997981355e-24	0.0942686976441706	0.1375071464625114
SNRPD1	0.1157205169781811	2.613300932196564e-25	2.3168143241939944e-24	0.09404533819815689	0.13728604335759106
DDT	0.11521418564296962	4.224679179112815e-25	3.728656579065194e-24	0.09353667913121161	0.1367825066019715
SLC25A3	0.11519257859096163	4.311962190682542e-25	3.788777444879727e-24	0.09351497299794176	0.13676101855716005
RPS16	0.11516131484163637	4.441425411990751e-25	3.885264619250316e-24	0.09348356592209953	0.13672992696620143
PRDX1	0.11508163987661792	4.78903167648547e-25	4.1708879402695036e-24	0.09340352588773791	0.13665069055078033
RPS10	0.11507035977885152	4.840374713637347e-25	4.197114389851331e-24	0.09339219412739733	0.1366394725190009
MARCKSL1	0.11491402911478878	5.610688435943299e-25	4.8438126802881665e-24	0.09323514805096807	0.1364840014566877
NLRP2	0.11476433779771864	6.46169226501641e-25	5.55424591649454e-24	0.09308477271599577	0.13633513223835522
RAB3B	0.11468608269701225	6.95626054148105e-25	5.953474930955859e-24	0.09300616042048505	0.13625730652376397
SCNN1A	0.11465769648706042	7.144777906531748e-25	6.088459448798821e-24	0.09297764470870301	0.1362290760032767
GNB2L1	0.11444279896822421	8.745993703870148e-25	7.420956889506988e-24	0.0927617679513451	0.1360153559934401
RPS6	0.11438767165795037	9.211080607479592e-25	7.782182205550065e-24	0.09270638976712028	0.1359605304240283
PRELID1	0.11418036326716668	1.1189981302789073e-24	9.41386937685702e-24	0.09249813915574823	0.13575435555874155
SPINT1	0.11405400091808779	1.259709177878364e-24	1.055273324010816e-23	0.09237120341786371	0.1356286832199542
RPLP2	0.1140103612038007	1.3122668533758782e-24	1.0946631093350679e-23	0.09232736584530875	0.13558528164204287
NDUFA4	0.11397988406925709	1.350254468457027e-24	1.1216189429157742e-23	0.09229675058021704	0.1355549707682425
HINT1	0.11390803860422938	1.4441692815275067e-24	1.1946119956401175e-23	0.09222457965450351	0.1354835170792062
RPLP0	0.1137523079353702	1.6705231675663016e-24	1.3760934592827408e-23	0.0920681443062345	0.13532863484499555
REST	0.11370392503773903	1.7477546331854588e-24	1.4337389667251668e-23	0.09201954269450452	0.1352805153270325
JADE1	0.11346419765425346	2.185786763848189e-24	1.7856613355900288e-23	0.0917787331514587	0.13504209143449167
SSR4	0.11334819124892753	2.4351956100579792e-24	1.9812270457138373e-23	0.09166220398929277	0.13492671490389857
EGR4	0.11327409668850695	2.6090386624579047e-24	2.113962883475114e-23	0.09158777584918475	0.1348530223451342
PSMA7	0.113210068335718	2.7691259626984275e-24	2.234515113573384e-23	0.09152345943074339	0.13478934118730085
PSMB1	0.1129702346113354	3.460061391839778e-24	2.7807078746614797e-23	0.0912825482947486	0.1345508063814244
RPS11	0.11281518704762086	3.994974569045094e-24	3.197597053847025e-23	0.09112680555765457	0.134396597210659
NDUFS5	0.11267330336754404	4.5558295342272676e-24	3.6318044311158504e-23	0.09098428665561799	0.13425547982613953
UBA52	0.11233698760078659	6.216037196372143e-24	4.9353837498906537e-23	0.09064646873129545	0.13392097696105526
SEC61B	0.11209730901205193	7.752366919634775e-24	6.13057176004718e-23	0.09040572266212257	0.13368258735214117
GAPDH	0.11205826981171978	8.035970488001821e-24	6.329527352501833e-23	0.09036650982910216	0.1336437578661566
EIF1	0.11199668010785527	8.504417901258859e-24	6.671918329678081e-23	0.09030464633256287	0.1335824988807433
POMP	0.1119748768580463	8.676650741262771e-24	6.780133800583596e-23	0.09028274619806798	0.13356081266838885
CCNI	0.11178609552688998	1.0319851121977176e-23	8.032419554389322e-23	0.0900931268774077	0.13337304383034893
COX6B1	0.1114528281645937	1.4006449554919158e-23	1.0859117949049088e-22	0.08975838399927862	0.1330415601018945
RPL5	0.11143141988635698	1.428353606945995e-23	1.102557137846232e-22	0.08973688110505862	0.1330202662348259
PHC1	0.11142766550812688	1.4332685099973782e-23	1.102557137846232e-22	0.08973311013607052	0.13301653191887358
EEF1A1	0.11126301535398378	1.6661039108993295e-23	1.276700554979835e-22	0.0895677329976475	0.13285276100315577
WFDC2	0.11113343379708712	1.8753556525077448e-23	1.4314973455628616e-22	0.08943758013703713	0.13272387058794713
RPL8	0.11098505698460906	2.1470557105660615e-23	1.6325881306881166e-22	0.08928855006563695	0.13257628426755488
USMG5	0.1108169172898934	2.5022644862154473e-23	1.8953934441562986e-22	0.08911967127612268	0.13240903919642735
RPL23	0.11080430269751125	2.531147539442073e-23	1.9099536967469383e-22	0.08910700128384909	0.13239649167313056
PKM	0.11075763417044004	2.6409003918791897e-23	1.985193944770022e-22	0.08906012786222117	0.13235007121246095
MCM5	0.11070986457138943	2.758121308176106e-23	2.0654567523727884e-22	0.08901214863397654	0.1323025554344614
EIF5A	0.11069482501437698	2.7960818035197996e-23	2.085982537946658e-22	0.08899704309913119	0.1322875957687405
MAP7	0.11045078806222396	3.489501980399741e-23	2.593513314003867e-22	0.08875193696321684	0.13204485378498887
BUB1	0.11039042249842662	3.685783905296258e-23	2.729136622011499e-22	0.08869130732898663	0.13198480814810098
CCNB2	0.10985134245412037	6.000486269045244e-23	4.426478117127779e-22	0.08814987619717143	0.13144857810662228
TMBIM6	0.1096965798145252	6.898525964982891e-23	5.070031908093373e-22	0.08799444096100024	0.1312946313295006
DLGAP5	0.10952235178677532	8.06939373170754e-23	5.908589410216966e-22	0.08781945700490269	0.13112132053347955
MAL2	0.1093865646170807	9.116490032087474e-23	6.650664499423224e-22	0.08768308162006748	0.1309862473063617
SUB1	0.10931181502086765	9.749177663246296e-23	7.086075088322767e-22	0.08760800856398684	0.1309118903867797
RPS15	0.1088848539192092	1.428984993340374e-22	1.0348363852871499e-21	0.08717920462247969	0.13048716755053003
KIF20B	0.10881568955099366	1.5200789385855975e-22	1.0967868837896811e-21	0.08710974248558326	0.1304183650176239
ATP5J	0.10875620336619415	1.6030065614889782e-22	1.1524159898413491e-21	0.08705000036776007	0.13035918987001924
PGAM1	0.10860525238991374	1.8340782391066814e-22	1.3137582169253293e-21	0.08689840064162194	0.13020902748480737
BEX1	0.10847331733032847	2.0628413495111254e-22	1.4722878512575795e-21	0.08676589938121944	0.13007778086255067
CYCS	0.10846752452350703	2.0735080582277596e-22	1.4745774932072953e-21	0.08676008173210152	0.13007201826525253
RPS2	0.1084617641568072	2.084169150140827e-22	1.4768467418739836e-21	0.08675429666369192	0.13006628793745326
ASS1	0.10829096652189454	2.4261475250927477e-22	1.7130334489672724e-21	0.08658276727647356	0.1298963803145271
DHCR24	0.10822023786467415	2.583515133280206e-22	1.81765459732917e-21	0.08651173597165616	0.1298260198468238
HMGN2	0.10816408074857546	2.715619337154307e-22	1.9038224927496682e-21	0.08645533871670492	0.12977015491075078
EIF2S2	0.10811096189528732	2.8467187317559837e-22	1.9886794815129258e-21	0.0864019928448201	0.12971731230346226
SMC2	0.10801231554295493	3.1070102087450493e-22	2.1628729516510433e-21	0.08630292522937084	0.12961917863849634
KPNA2	0.10797561003133976	3.209759710510697e-22	2.2265596307647888e-21	0.08626606307874435	0.12958266378566372
SFRP2	0.10768874286859836	4.1374733757678326e-22	2.860064637724827e-21	0.08597797377172779	0.12929728467314638
HNRNPA2B1	0.107558411908095	4.642291066130686e-22	3.1978430096656332e-21	0.08584708875980315	0.12916762858869008
CDC20	0.1070049659462543	7.557219534087908e-22	5.1877163260040954e-21	0.08529129838526485	0.1286170402342536
HSPA5	0.10692363662124454	8.116489614265203e-22	5.552352929896992e-21	0.08520962568571341	0.12853612971408923
TMEM158	0.10680132214924709	9.035556017215247e-22	6.159756636563636e-21	0.08508679534823835	0.12841444455793305
GLDC	0.10645114858223469	1.2275235439565492e-21	8.33956716976666e-21	0.08473514856168823	0.12806606905786203
EEF1D	0.10639228488328765	1.2922788159655707e-21	8.749435682068265e-21	0.0846760377476296	0.12800750708782024
CENPF	0.10629688968736045	1.4044690288177966e-21	9.476570887279126e-21	0.08458024239865666	0.12791260055719697
FABP5	0.10615974156102545	1.5828348657734406e-21	1.064375690351732e-20	0.08444251968223442	0.12777615428334957
PLK1	0.10587623645066559	2.0256034327556927e-21	1.3574976225620353e-20	0.08415782944106998	0.1274940974101163
DHFR	0.10574472190707446	2.2706352943425712e-21	1.516569586795697e-20	0.0840257663336958	0.12736325349875463
CTC-260E6.6	0.10570048660419797	2.3594682874204672e-21	1.5705955569798867e-20	0.08398134669125248	0.12731924359589356
TBCA	0.10566654365955803	2.429954995485944e-21	1.612087592642856e-20	0.08394726235640378	0.12728547354906328
KIAA1551	0.10508557248563322	4.015780391489518e-21	2.65525011169725e-20	0.08336387901146736	0.1267074539422386
DSTN	0.10482342728432407	5.03287386578012e-21	3.316663877549099e-20	0.08310065026753555	0.1264466357362436
