projected_timepoint,cell_idx,projected_cluster_label
6.0,0,hCiPS
6.0,1,hCiPS
6.0,2,hCiPS
6.0,3,epithelial_like
6.0,4,hCiPS
6.0,5,hCiPS
6.0,6,hCiPS
6.0,7,hCiPS
6.0,8,hCiPS
6.0,9,hCiPS
6.0,10,hCiPS
6.0,11,hCiPS
6.0,12,hCiPS
6.0,13,hCiPS
6.0,14,hCiPS
6.0,15,hCiPS
6.0,16,hCiPS
6.0,17,hCiPS
6.0,18,intermediate_plastic
6.0,19,hCiPS
6.0,20,hCiPS
6.0,21,hCiPS
6.0,22,hCiPS
6.0,23,hCiPS
6.0,24,hCiPS
6.0,25,hCiPS
6.0,26,hCiPS
6.0,27,hCiPS
6.0,28,hCiPS
6.0,29,hCiPS
6.0,30,epithelial_like
6.0,31,hCiPS
6.0,32,hCiPS
6.0,33,hCiPS
6.0,34,hCiPS
6.0,35,epithelial_like
6.0,36,hCiPS
6.0,37,epithelial_like
6.0,38,hCiPS
6.0,39,hCiPS
6.0,40,hCiPS
6.0,41,hCiPS
6.0,42,hCiPS
6.0,43,hCiPS
6.0,44,hCiPS
6.0,45,hCiPS
6.0,46,hCiPS
6.0,47,hCiPS
6.0,48,hCiPS
6.0,49,hCiPS
6.0,50,hCiPS
6.0,51,hCiPS
6.0,52,hCiPS
6.0,53,hCiPS
6.0,54,hCiPS
6.0,55,hCiPS
6.0,56,hCiPS
6.0,57,hCiPS
6.0,58,hCiPS
6.0,59,hCiPS
6.0,60,epithelial_like
6.0,61,hCiPS
6.0,62,hCiPS
6.0,63,hCiPS
6.0,64,hCiPS
6.0,65,intermediate_plastic
6.0,66,hCiPS
6.0,67,hCiPS
6.0,68,hCiPS
6.0,69,hCiPS
6.0,70,hCiPS
6.0,71,hCiPS
6.0,72,hCiPS
6.0,73,hCiPS
6.0,74,hCiPS
6.0,75,hCiPS
6.0,76,hCiPS
6.0,77,hCiPS
6.0,78,hCiPS
6.0,79,hCiPS
6.0,80,intermediate_plastic
6.0,81,hCiPS
6.0,82,hCiPS
6.0,83,hCiPS
6.0,84,hCiPS
6.0,85,hCiPS
6.0,86,hCiPS
6.0,87,hCiPS
6.0,88,hCiPS
6.0,89,hCiPS
6.0,90,hCiPS
6.0,91,hCiPS
6.0,92,hCiPS
6.0,93,hCiPS
6.0,94,hCiPS
6.0,95,hCiPS
6.0,96,hCiPS
6.0,97,hCiPS
6.0,98,hCiPS
6.0,99,hCiPS
6.0,100,hCiPS
6.0,101,hCiPS
6.0,102,hCiPS
6.0,103,hCiPS
6.0,104,hCiPS
6.0,105,epithelial_like
6.0,106,epithelial_like
6.0,107,hCiPS
6.0,108,hCiPS
6.0,109,hCiPS
6.0,110,hCiPS
6.0,111,hCiPS
6.0,112,epithelial_like
6.0,113,hCiPS
6.0,114,hCiPS
6.0,115,hCiPS
6.0,116,hCiPS
6.0,117,hCiPS
6.0,118,hCiPS
6.0,119,hCiPS
6.0,120,hCiPS
6.0,121,intermediate_plastic
6.0,122,hCiPS
6.0,123,hCiPS
6.0,124,hCiPS
6.0,125,hCiPS
6.0,126,hCiPS
6.0,127,hCiPS
6.0,128,hCiPS
6.0,129,hCiPS
6.0,130,hCiPS
6.0,131,hCiPS
6.0,132,hCiPS
6.0,133,hCiPS
6.0,134,hCiPS
6.0,135,hCiPS
6.0,136,hCiPS
6.0,137,hCiPS
6.0,138,hCiPS
6.0,139,epithelial_like
6.0,140,hCiPS
6.0,141,hCiPS
6.0,142,hCiPS
6.0,143,hCiPS
6.0,144,intermediate_plastic
6.0,145,hCiPS
6.0,146,hCiPS
6.0,147,hCiPS
6.0,148,hCiPS
6.0,149,hCiPS
6.0,150,hCiPS
6.0,151,hCiPS
6.0,152,hCiPS
6.0,153,hCiPS
6.0,154,hCiPS
6.0,155,hCiPS
6.0,156,hCiPS
6.0,157,intermediate_plastic
6.0,158,hCiPS
6.0,159,hCiPS
6.0,160,hCiPS
6.0,161,intermediate_plastic
6.0,162,hCiPS
6.0,163,hCiPS
6.0,164,hCiPS
6.0,165,hCiPS
6.0,166,hCiPS
6.0,167,hCiPS
6.0,168,hCiPS
6.0,169,hCiPS
6.0,170,hCiPS
6.0,171,hCiPS
6.0,172,hCiPS
6.0,173,hCiPS
6.0,174,hCiPS
6.0,175,hCiPS
6.0,176,hCiPS
6.0,177,hCiPS
6.0,178,hCiPS
6.0,179,hCiPS
6.0,180,hCiPS
6.0,181,hCiPS
6.0,182,hCiPS
6.0,183,hCiPS
6.0,184,hCiPS
6.0,185,hCiPS
6.0,186,hCiPS
6.0,187,hCiPS
6.0,188,hCiPS
6.0,189,hCiPS
6.0,190,hCiPS
6.0,191,hCiPS
6.0,192,hCiPS
6.0,193,hCiPS
6.0,194,hCiPS
6.0,195,hCiPS
6.0,196,hCiPS
6.0,197,hCiPS
6.0,198,hCiPS
6.0,199,hCiPS
6.0,200,hCiPS
6.0,201,hCiPS
6.0,202,hCiPS
6.0,203,hCiPS
6.0,204,hCiPS
6.0,205,hCiPS
6.0,206,epithelial_like
6.0,207,hCiPS
6.0,208,epithelial_like
6.0,209,hCiPS
6.0,210,hCiPS
6.0,211,hCiPS
6.0,212,epithelial_like
6.0,213,hCiPS
6.0,214,hCiPS
6.0,215,hCiPS
6.0,216,hCiPS
6.0,217,intermediate_plastic
6.0,218,hCiPS
6.0,219,hCiPS
6.0,220,hCiPS
6.0,221,intermediate_plastic
6.0,222,hCiPS
6.0,223,epithelial_like
6.0,224,hCiPS
6.0,225,hCiPS
6.0,226,hCiPS
6.0,227,hCiPS
6.0,228,hCiPS
6.0,229,hCiPS
6.0,230,hCiPS
6.0,231,hCiPS
6.0,232,hCiPS
6.0,233,hCiPS
6.0,234,hCiPS
6.0,235,hCiPS
6.0,236,hCiPS
6.0,237,hCiPS
6.0,238,hCiPS
6.0,239,hCiPS
6.0,240,hCiPS
6.0,241,hCiPS
6.0,242,hCiPS
6.0,243,hCiPS
6.0,244,hCiPS
6.0,245,epithelial_like
6.0,246,hCiPS
6.0,247,intermediate_plastic
6.0,248,hCiPS
6.0,249,intermediate_plastic
6.0,250,hCiPS
6.0,251,hCiPS
6.0,252,hCiPS
6.0,253,hCiPS
6.0,254,hCiPS
6.0,255,epithelial_like
6.0,256,hCiPS
6.0,257,hCiPS
6.0,258,hCiPS
6.0,259,hCiPS
6.0,260,hCiPS
6.0,261,intermediate_plastic
6.0,262,hCiPS
6.0,263,hCiPS
6.0,264,hCiPS
6.0,265,hCiPS
6.0,266,epithelial_like
6.0,267,hCiPS
6.0,268,hCiPS
6.0,269,hCiPS
6.0,270,hCiPS
6.0,271,hCiPS
6.0,272,hCiPS
6.0,273,hCiPS
6.0,274,hCiPS
6.0,275,epithelial_like
6.0,276,hCiPS
6.0,277,hCiPS
6.0,278,hCiPS
6.0,279,intermediate_plastic
6.0,280,epithelial_like
6.0,281,hCiPS
6.0,282,hCiPS
6.0,283,hCiPS
6.0,284,hCiPS
6.0,285,hCiPS
6.0,286,hCiPS
6.0,287,hCiPS
6.0,288,hCiPS
6.0,289,hCiPS
6.0,290,hCiPS
6.0,291,hCiPS
6.0,292,epithelial_like
6.0,293,hCiPS
6.0,294,hCiPS
6.0,295,hCiPS
6.0,296,hCiPS
6.0,297,epithelial_like
6.0,298,hCiPS
6.0,299,hCiPS
6.0,300,hCiPS
6.0,301,hCiPS
6.0,302,hCiPS
6.0,303,epithelial_like
6.0,304,hCiPS
6.0,305,hCiPS
6.0,306,hCiPS
6.0,307,hCiPS
6.0,308,hCiPS
6.0,309,hCiPS
6.0,310,hCiPS
6.0,311,hCiPS
6.0,312,hCiPS
6.0,313,hCiPS
6.0,314,hCiPS
6.0,315,hCiPS
6.0,316,hCiPS
6.0,317,hCiPS
6.0,318,hCiPS
6.0,319,hCiPS
6.0,320,hCiPS
6.0,321,hCiPS
6.0,322,epithelial_like
6.0,323,hCiPS
6.0,324,epithelial_like
6.0,325,epithelial_like
6.0,326,hCiPS
6.0,327,hCiPS
6.0,328,hCiPS
6.0,329,hCiPS
6.0,330,hCiPS
6.0,331,hCiPS
6.0,332,hCiPS
6.0,333,hCiPS
6.0,334,hCiPS
6.0,335,hCiPS
6.0,336,hCiPS
6.0,337,hCiPS
6.0,338,hCiPS
6.0,339,hCiPS
6.0,340,hCiPS
6.0,341,hCiPS
6.0,342,epithelial_like
6.0,343,hCiPS
6.0,344,epithelial_like
6.0,345,hCiPS
6.0,346,hCiPS
6.0,347,hCiPS
6.0,348,hCiPS
6.0,349,hCiPS
6.0,350,hCiPS
6.0,351,hCiPS
6.0,352,hCiPS
6.0,353,hCiPS
6.0,354,hCiPS
6.0,355,hCiPS
6.0,356,hCiPS
6.0,357,hCiPS
6.0,358,hCiPS
6.0,359,hCiPS
6.0,360,hCiPS
6.0,361,hCiPS
6.0,362,hCiPS
6.0,363,hCiPS
6.0,364,hCiPS
6.0,365,hCiPS
6.0,366,hCiPS
6.0,367,hCiPS
6.0,368,epithelial_like
6.0,369,hCiPS
6.0,370,hCiPS
6.0,371,hCiPS
6.0,372,hCiPS
6.0,373,hCiPS
6.0,374,epithelial_like
6.0,375,hCiPS
6.0,376,hCiPS
6.0,377,hCiPS
6.0,378,hCiPS
6.0,379,epithelial_like
6.0,380,hCiPS
6.0,381,hCiPS
6.0,382,hCiPS
6.0,383,hCiPS
6.0,384,hCiPS
6.0,385,hCiPS
6.0,386,hCiPS
6.0,387,hCiPS
6.0,388,hCiPS
6.0,389,hCiPS
6.0,390,hCiPS
6.0,391,hCiPS
6.0,392,hCiPS
6.0,393,hCiPS
6.0,394,hCiPS
6.0,395,hCiPS
6.0,396,hCiPS
6.0,397,hCiPS
6.0,398,intermediate_plastic
6.0,399,hCiPS
6.0,400,epithelial_like
6.0,401,hCiPS
6.0,402,hCiPS
6.0,403,hCiPS
6.0,404,hCiPS
6.0,405,epithelial_like
6.0,406,hCiPS
6.0,407,hCiPS
6.0,408,hCiPS
6.0,409,hCiPS
6.0,410,hCiPS
6.0,411,hCiPS
6.0,412,hCiPS
6.0,413,hCiPS
6.0,414,hCiPS
6.0,415,hCiPS
6.0,416,hCiPS
6.0,417,hCiPS
6.0,418,hCiPS
6.0,419,intermediate_plastic
6.0,420,hCiPS
6.0,421,hCiPS
6.0,422,hCiPS
6.0,423,intermediate_plastic
6.0,424,hCiPS
6.0,425,hCiPS
6.0,426,intermediate_plastic
6.0,427,epithelial_like
6.0,428,epithelial_like
6.0,429,hCiPS
6.0,430,hCiPS
6.0,431,hCiPS
6.0,432,hCiPS
6.0,433,hCiPS
6.0,434,hCiPS
6.0,435,hCiPS
6.0,436,hCiPS
6.0,437,hCiPS
6.0,438,hCiPS
6.0,439,hCiPS
6.0,440,hCiPS
6.0,441,hCiPS
6.0,442,hCiPS
6.0,443,hCiPS
6.0,444,hCiPS
6.0,445,hCiPS
6.0,446,hCiPS
6.0,447,hCiPS
6.0,448,hCiPS
6.0,449,hCiPS
6.0,450,hCiPS
6.0,451,hCiPS
6.0,452,intermediate_plastic
6.0,453,hCiPS
6.0,454,hCiPS
6.0,455,hCiPS
6.0,456,hCiPS
6.0,457,hCiPS
6.0,458,hCiPS
6.0,459,hCiPS
6.0,460,epithelial_like
6.0,461,hCiPS
6.0,462,epithelial_like
6.0,463,hCiPS
6.0,464,hCiPS
6.0,465,hCiPS
6.0,466,hCiPS
6.0,467,hCiPS
6.0,468,hCiPS
6.0,469,hCiPS
6.0,470,hCiPS
6.0,471,hCiPS
6.0,472,epithelial_like
6.0,473,hCiPS
6.0,474,hCiPS
6.0,475,intermediate_plastic
6.0,476,hCiPS
6.0,477,hCiPS
6.0,478,hCiPS
6.0,479,hCiPS
6.0,480,hCiPS
6.0,481,hCiPS
6.0,482,hCiPS
6.0,483,intermediate_plastic
6.0,484,hCiPS
6.0,485,hCiPS
6.0,486,hCiPS
6.0,487,hCiPS
6.0,488,hCiPS
6.0,489,hCiPS
6.0,490,hCiPS
6.0,491,hCiPS
6.0,492,hCiPS
6.0,493,hCiPS
6.0,494,hCiPS
6.0,495,hCiPS
6.0,496,hCiPS
6.0,497,hCiPS
6.0,498,hCiPS
6.0,499,hCiPS
6.0,500,hCiPS
6.0,501,hCiPS
6.0,502,hCiPS
6.0,503,hCiPS
6.0,504,hCiPS
6.0,505,hCiPS
6.0,506,hCiPS
6.0,507,hCiPS
6.0,508,hCiPS
6.0,509,hCiPS
6.0,510,hCiPS
6.0,511,hCiPS
6.0,512,hCiPS
6.0,513,hCiPS
6.0,514,hCiPS
6.0,515,hCiPS
6.0,516,hCiPS
6.0,517,hCiPS
6.0,518,hCiPS
6.0,519,hCiPS
6.0,520,hCiPS
6.0,521,hCiPS
6.0,522,hCiPS
6.0,523,hCiPS
6.0,524,hCiPS
6.0,525,hCiPS
6.0,526,hCiPS
6.0,527,hCiPS
6.0,528,hCiPS
6.0,529,hCiPS
6.0,530,hCiPS
6.0,531,hCiPS
6.0,532,hCiPS
6.0,533,hCiPS
6.0,534,hCiPS
6.0,535,hCiPS
6.0,536,hCiPS
6.0,537,hCiPS
6.0,538,hCiPS
6.0,539,hCiPS
6.0,540,hCiPS
6.0,541,hCiPS
6.0,542,hCiPS
6.0,543,hCiPS
6.0,544,hCiPS
6.0,545,hCiPS
6.0,546,hCiPS
6.0,547,hCiPS
6.0,548,hCiPS
6.0,549,intermediate_plastic
6.0,550,hCiPS
6.0,551,hCiPS
6.0,552,hCiPS
6.0,553,hCiPS
6.0,554,hCiPS
6.0,555,hCiPS
6.0,556,epithelial_like
6.0,557,hCiPS
6.0,558,hCiPS
6.0,559,hCiPS
6.0,560,hCiPS
6.0,561,hCiPS
6.0,562,hCiPS
6.0,563,hCiPS
6.0,564,hCiPS
6.0,565,epithelial_like
6.0,566,hCiPS
6.0,567,epithelial_like
6.0,568,epithelial_like
6.0,569,hCiPS
6.0,570,hCiPS
6.0,571,hCiPS
6.0,572,hCiPS
6.0,573,hCiPS
6.0,574,hCiPS
6.0,575,hCiPS
6.0,576,hCiPS
6.0,577,hCiPS
6.0,578,hCiPS
6.0,579,hCiPS
6.0,580,hCiPS
6.0,581,hCiPS
6.0,582,hCiPS
6.0,583,hCiPS
6.0,584,hCiPS
6.0,585,hCiPS
6.0,586,hCiPS
6.0,587,hCiPS
6.0,588,hCiPS
6.0,589,hCiPS
6.0,590,hCiPS
6.0,591,hCiPS
6.0,592,hCiPS
6.0,593,hCiPS
6.0,594,hCiPS
6.0,595,hCiPS
6.0,596,intermediate_plastic
6.0,597,hCiPS
6.0,598,hCiPS
6.0,599,hCiPS
6.0,600,hCiPS
6.0,601,hCiPS
6.0,602,hCiPS
6.0,603,hCiPS
6.0,604,hCiPS
6.0,605,hCiPS
6.0,606,hCiPS
6.0,607,hCiPS
6.0,608,hCiPS
6.0,609,hCiPS
6.0,610,hCiPS
6.0,611,hCiPS
6.0,612,hCiPS
6.0,613,hCiPS
6.0,614,hCiPS
6.0,615,intermediate_plastic
6.0,616,hCiPS
6.0,617,hCiPS
6.0,618,hCiPS
6.0,619,hCiPS
6.0,620,hCiPS
6.0,621,hCiPS
6.0,622,hCiPS
6.0,623,hCiPS
6.0,624,hCiPS
6.0,625,hCiPS
6.0,626,hCiPS
6.0,627,hCiPS
6.0,628,hCiPS
6.0,629,hCiPS
6.0,630,hCiPS
6.0,631,hCiPS
6.0,632,hCiPS
6.0,633,hCiPS
6.0,634,intermediate_plastic
6.0,635,hCiPS
6.0,636,hCiPS
6.0,637,hCiPS
6.0,638,hCiPS
6.0,639,hCiPS
6.0,640,hCiPS
6.0,641,hCiPS
6.0,642,hCiPS
6.0,643,hCiPS
6.0,644,hCiPS
6.0,645,hCiPS
6.0,646,intermediate_plastic
6.0,647,epithelial_like
6.0,648,hCiPS
6.0,649,hCiPS
6.0,650,hCiPS
6.0,651,intermediate_plastic
6.0,652,epithelial_like
6.0,653,hCiPS
6.0,654,hCiPS
6.0,655,hCiPS
6.0,656,hCiPS
6.0,657,hCiPS
6.0,658,hCiPS
6.0,659,hCiPS
6.0,660,intermediate_plastic
6.0,661,hCiPS
6.0,662,hCiPS
6.0,663,intermediate_plastic
6.0,664,hCiPS
6.0,665,hCiPS
6.0,666,hCiPS
6.0,667,hCiPS
6.0,668,hCiPS
6.0,669,hCiPS
6.0,670,hCiPS
6.0,671,hCiPS
6.0,672,hCiPS
6.0,673,hCiPS
6.0,674,hCiPS
6.0,675,hCiPS
6.0,676,hCiPS
6.0,677,epithelial_like
6.0,678,hCiPS
6.0,679,hCiPS
6.0,680,hCiPS
6.0,681,hCiPS
6.0,682,hCiPS
6.0,683,hCiPS
6.0,684,hCiPS
6.0,685,hCiPS
6.0,686,hCiPS
6.0,687,hCiPS
6.0,688,epithelial_like
6.0,689,hCiPS
6.0,690,hCiPS
6.0,691,hCiPS
6.0,692,hCiPS
6.0,693,hCiPS
6.0,694,hCiPS
6.0,695,hCiPS
6.0,696,hCiPS
6.0,697,hCiPS
6.0,698,hCiPS
6.0,699,hCiPS
6.0,700,hCiPS
6.0,701,hCiPS
6.0,702,hCiPS
6.0,703,hCiPS
6.0,704,hCiPS
6.0,705,hCiPS
6.0,706,hCiPS
6.0,707,hCiPS
6.0,708,epithelial_like
6.0,709,hCiPS
6.0,710,hCiPS
6.0,711,hCiPS
6.0,712,hCiPS
6.0,713,hCiPS
6.0,714,hCiPS
6.0,715,hCiPS
6.0,716,hCiPS
6.0,717,hCiPS
6.0,718,hCiPS
6.0,719,hCiPS
6.0,720,hCiPS
6.0,721,hCiPS
6.0,722,hCiPS
6.0,723,hCiPS
6.0,724,hCiPS
6.0,725,intermediate_plastic
6.0,726,hCiPS
6.0,727,epithelial_like
6.0,728,hCiPS
6.0,729,hCiPS
6.0,730,hCiPS
6.0,731,hCiPS
6.0,732,hCiPS
6.0,733,hCiPS
6.0,734,hCiPS
6.0,735,hCiPS
6.0,736,hCiPS
6.0,737,hCiPS
6.0,738,hCiPS
6.0,739,hCiPS
6.0,740,hCiPS
6.0,741,hCiPS
6.0,742,epithelial_like
6.0,743,hCiPS
6.0,744,hCiPS
6.0,745,hCiPS
6.0,746,epithelial_like
6.0,747,hCiPS
6.0,748,hCiPS
6.0,749,hCiPS
6.0,750,hCiPS
6.0,751,hCiPS
6.0,752,hCiPS
6.0,753,hCiPS
6.0,754,hCiPS
6.0,755,hCiPS
6.0,756,hCiPS
6.0,757,hCiPS
6.0,758,epithelial_like
6.0,759,hCiPS
6.0,760,hCiPS
6.0,761,hCiPS
6.0,762,intermediate_plastic
6.0,763,hCiPS
6.0,764,hCiPS
6.0,765,hCiPS
6.0,766,hCiPS
6.0,767,hCiPS
6.0,768,hCiPS
6.0,769,hCiPS
6.0,770,hCiPS
6.0,771,hCiPS
6.0,772,hCiPS
6.0,773,hCiPS
6.0,774,hCiPS
6.0,775,hCiPS
6.0,776,hCiPS
6.0,777,hCiPS
6.0,778,hCiPS
6.0,779,hCiPS
6.0,780,hCiPS
6.0,781,hCiPS
6.0,782,hCiPS
6.0,783,hCiPS
6.0,784,hCiPS
6.0,785,hCiPS
6.0,786,hCiPS
6.0,787,hCiPS
6.0,788,intermediate_plastic
6.0,789,hCiPS
6.0,790,hCiPS
6.0,791,hCiPS
6.0,792,hCiPS
6.0,793,hCiPS
6.0,794,hCiPS
6.0,795,hCiPS
6.0,796,epithelial_like
6.0,797,hCiPS
6.0,798,hCiPS
6.0,799,hCiPS
6.0,800,hCiPS
6.0,801,hCiPS
6.0,802,hCiPS
6.0,803,hCiPS
6.0,804,hCiPS
6.0,805,hCiPS
6.0,806,hCiPS
6.0,807,epithelial_like
6.0,808,hCiPS
6.0,809,hCiPS
6.0,810,hCiPS
6.0,811,hCiPS
6.0,812,hCiPS
6.0,813,hCiPS
6.0,814,hCiPS
6.0,815,hCiPS
6.0,816,hCiPS
6.0,817,hCiPS
6.0,818,hCiPS
6.0,819,hCiPS
6.0,820,hCiPS
6.0,821,hCiPS
6.0,822,hCiPS
6.0,823,hCiPS
6.0,824,hCiPS
6.0,825,intermediate_plastic
6.0,826,hCiPS
6.0,827,hCiPS
6.0,828,hCiPS
6.0,829,hCiPS
6.0,830,hCiPS
6.0,831,hCiPS
6.0,832,hCiPS
6.0,833,hCiPS
6.0,834,hCiPS
6.0,835,hCiPS
6.0,836,hCiPS
6.0,837,hCiPS
6.0,838,hCiPS
6.0,839,hCiPS
6.0,840,hCiPS
6.0,841,hCiPS
6.0,842,hCiPS
6.0,843,hCiPS
6.0,844,hCiPS
6.0,845,hCiPS
6.0,846,hCiPS
6.0,847,hCiPS
6.0,848,hCiPS
6.0,849,hCiPS
6.0,850,hCiPS
6.0,851,hCiPS
6.0,852,hCiPS
6.0,853,hCiPS
6.0,854,hCiPS
6.0,855,hCiPS
6.0,856,hCiPS
6.0,857,hCiPS
6.0,858,hCiPS
6.0,859,hCiPS
6.0,860,hCiPS
6.0,861,epithelial_like
6.0,862,hCiPS
6.0,863,hCiPS
6.0,864,hCiPS
6.0,865,hCiPS
6.0,866,hCiPS
6.0,867,hCiPS
6.0,868,hCiPS
6.0,869,hCiPS
6.0,870,hCiPS
6.0,871,hCiPS
6.0,872,hCiPS
6.0,873,hCiPS
6.0,874,hCiPS
6.0,875,hCiPS
6.0,876,hCiPS
6.0,877,epithelial_like
6.0,878,hCiPS
6.0,879,hCiPS
6.0,880,hCiPS
6.0,881,hCiPS
6.0,882,hCiPS
6.0,883,hCiPS
6.0,884,hCiPS
6.0,885,hCiPS
6.0,886,hCiPS
6.0,887,hCiPS
6.0,888,hCiPS
6.0,889,hCiPS
6.0,890,hCiPS
6.0,891,hCiPS
6.0,892,hCiPS
6.0,893,epithelial_like
6.0,894,hCiPS
6.0,895,hCiPS
6.0,896,hCiPS
6.0,897,hCiPS
6.0,898,hCiPS
6.0,899,hCiPS
6.0,900,hCiPS
6.0,901,hCiPS
6.0,902,hCiPS
6.0,903,hCiPS
6.0,904,hCiPS
6.0,905,hCiPS
6.0,906,hCiPS
6.0,907,hCiPS
6.0,908,hCiPS
6.0,909,hCiPS
6.0,910,hCiPS
6.0,911,hCiPS
6.0,912,hCiPS
6.0,913,epithelial_like
6.0,914,hCiPS
6.0,915,hCiPS
6.0,916,hCiPS
6.0,917,hCiPS
6.0,918,hCiPS
6.0,919,hCiPS
6.0,920,hCiPS
6.0,921,hCiPS
6.0,922,hCiPS
6.0,923,hCiPS
6.0,924,hCiPS
6.0,925,hCiPS
6.0,926,hCiPS
6.0,927,hCiPS
6.0,928,hCiPS
6.0,929,hCiPS
6.0,930,hCiPS
6.0,931,hCiPS
6.0,932,hCiPS
6.0,933,hCiPS
6.0,934,hCiPS
6.0,935,hCiPS
6.0,936,hCiPS
6.0,937,hCiPS
6.0,938,hCiPS
6.0,939,hCiPS
6.0,940,hCiPS
6.0,941,hCiPS
6.0,942,hCiPS
6.0,943,hCiPS
6.0,944,hCiPS
6.0,945,hCiPS
6.0,946,hCiPS
6.0,947,hCiPS
6.0,948,hCiPS
6.0,949,epithelial_like
6.0,950,hCiPS
6.0,951,hCiPS
6.0,952,hCiPS
6.0,953,hCiPS
6.0,954,hCiPS
6.0,955,hCiPS
6.0,956,hCiPS
6.0,957,hCiPS
6.0,958,hCiPS
6.0,959,hCiPS
6.0,960,hCiPS
6.0,961,hCiPS
6.0,962,hCiPS
6.0,963,hCiPS
6.0,964,hCiPS
6.0,965,hCiPS
6.0,966,hCiPS
6.0,967,hCiPS
6.0,968,hCiPS
6.0,969,hCiPS
6.0,970,hCiPS
6.0,971,hCiPS
6.0,972,hCiPS
6.0,973,hCiPS
6.0,974,hCiPS
6.0,975,hCiPS
6.0,976,hCiPS
6.0,977,hCiPS
6.0,978,hCiPS
6.0,979,hCiPS
6.0,980,hCiPS
6.0,981,hCiPS
6.0,982,hCiPS
6.0,983,hCiPS
6.0,984,hCiPS
6.0,985,hCiPS
6.0,986,hCiPS
6.0,987,hCiPS
6.0,988,hCiPS
6.0,989,hCiPS
6.0,990,hCiPS
6.0,991,hCiPS
6.0,992,hCiPS
6.0,993,hCiPS
6.0,994,hCiPS
6.0,995,hCiPS
6.0,996,hCiPS
6.0,997,epithelial_like
6.0,998,hCiPS
6.0,999,hCiPS
6.0,1000,hCiPS
6.0,1001,hCiPS
6.0,1002,epithelial_like
6.0,1003,hCiPS
6.0,1004,hCiPS
6.0,1005,hCiPS
6.0,1006,hCiPS
6.0,1007,hCiPS
6.0,1008,hCiPS
6.0,1009,hCiPS
6.0,1010,hCiPS
6.0,1011,hCiPS
6.0,1012,epithelial_like
6.0,1013,hCiPS
6.0,1014,hCiPS
6.0,1015,hCiPS
6.0,1016,hCiPS
6.0,1017,hCiPS
6.0,1018,hCiPS
6.0,1019,hCiPS
6.0,1020,hCiPS
6.0,1021,hCiPS
6.0,1022,hCiPS
6.0,1023,hCiPS
6.0,1024,hCiPS
6.0,1025,hCiPS
6.0,1026,epithelial_like
6.0,1027,hCiPS
6.0,1028,hCiPS
6.0,1029,hCiPS
6.0,1030,epithelial_like
6.0,1031,hCiPS
6.0,1032,hCiPS
6.0,1033,hCiPS
6.0,1034,hCiPS
6.0,1035,hCiPS
6.0,1036,hCiPS
6.0,1037,hCiPS
6.0,1038,hCiPS
6.0,1039,hCiPS
6.0,1040,hCiPS
6.0,1041,hCiPS
6.0,1042,hCiPS
6.0,1043,intermediate_plastic
6.0,1044,hCiPS
6.0,1045,hCiPS
6.0,1046,hCiPS
6.0,1047,hCiPS
6.0,1048,hCiPS
6.0,1049,hCiPS
6.0,1050,hCiPS
6.0,1051,hCiPS
6.0,1052,hCiPS
6.0,1053,hCiPS
6.0,1054,hCiPS
6.0,1055,hCiPS
6.0,1056,hCiPS
6.0,1057,hCiPS
6.0,1058,hCiPS
6.0,1059,hCiPS
6.0,1060,hCiPS
6.0,1061,hCiPS
6.0,1062,hCiPS
6.0,1063,hCiPS
6.0,1064,hCiPS
6.0,1065,hCiPS
6.0,1066,hCiPS
6.0,1067,hCiPS
6.0,1068,hCiPS
6.0,1069,hCiPS
6.0,1070,epithelial_like
6.0,1071,hCiPS
6.0,1072,hCiPS
6.0,1073,hCiPS
6.0,1074,epithelial_like
6.0,1075,hCiPS
6.0,1076,hCiPS
6.0,1077,hCiPS
6.0,1078,intermediate_plastic
6.0,1079,hCiPS
6.0,1080,epithelial_like
6.0,1081,hCiPS
6.0,1082,hCiPS
6.0,1083,hCiPS
6.0,1084,hCiPS
6.0,1085,epithelial_like
6.0,1086,hCiPS
6.0,1087,hCiPS
6.0,1088,hCiPS
6.0,1089,hCiPS
6.0,1090,hCiPS
6.0,1091,hCiPS
6.0,1092,hCiPS
6.0,1093,hCiPS
6.0,1094,hCiPS
6.0,1095,hCiPS
6.0,1096,hCiPS
6.0,1097,hCiPS
6.0,1098,hCiPS
6.0,1099,hCiPS
6.0,1100,hCiPS
6.0,1101,hCiPS
6.0,1102,hCiPS
6.0,1103,hCiPS
6.0,1104,hCiPS
6.0,1105,hCiPS
6.0,1106,hCiPS
6.0,1107,hCiPS
6.0,1108,hCiPS
6.0,1109,hCiPS
6.0,1110,hCiPS
6.0,1111,hCiPS
6.0,1112,hCiPS
6.0,1113,hCiPS
6.0,1114,hCiPS
6.0,1115,hCiPS
6.0,1116,hCiPS
6.0,1117,hCiPS
6.0,1118,hCiPS
6.0,1119,hCiPS
6.0,1120,hCiPS
6.0,1121,hCiPS
6.0,1122,hCiPS
6.0,1123,hCiPS
6.0,1124,epithelial_like
6.0,1125,hCiPS
6.0,1126,hCiPS
6.0,1127,hCiPS
6.0,1128,hCiPS
6.0,1129,hCiPS
6.0,1130,hCiPS
6.0,1131,hCiPS
6.0,1132,hCiPS
6.0,1133,hCiPS
6.0,1134,hCiPS
6.0,1135,hCiPS
6.0,1136,hCiPS
6.0,1137,hCiPS
6.0,1138,hCiPS
6.0,1139,hCiPS
6.0,1140,hCiPS
6.0,1141,hCiPS
6.0,1142,hCiPS
6.0,1143,hCiPS
6.0,1144,hCiPS
6.0,1145,hCiPS
6.0,1146,hCiPS
6.0,1147,hCiPS
6.0,1148,hCiPS
6.0,1149,hCiPS
6.0,1150,hCiPS
6.0,1151,hCiPS
6.0,1152,hCiPS
6.0,1153,hCiPS
6.0,1154,hCiPS
6.0,1155,hCiPS
6.0,1156,hCiPS
6.0,1157,hCiPS
6.0,1158,hCiPS
6.0,1159,hCiPS
6.0,1160,hCiPS
6.0,1161,hCiPS
6.0,1162,hCiPS
6.0,1163,hCiPS
6.0,1164,hCiPS
6.0,1165,hCiPS
6.0,1166,hCiPS
6.0,1167,hCiPS
6.0,1168,hCiPS
6.0,1169,hCiPS
6.0,1170,hCiPS
6.0,1171,hCiPS
6.0,1172,hCiPS
6.0,1173,hCiPS
6.0,1174,hCiPS
6.0,1175,hCiPS
6.0,1176,hCiPS
6.0,1177,hCiPS
6.0,1178,hCiPS
6.0,1179,hCiPS
6.0,1180,hCiPS
6.0,1181,hCiPS
6.0,1182,hCiPS
6.0,1183,epithelial_like
6.0,1184,hCiPS
6.0,1185,hCiPS
6.0,1186,hCiPS
6.0,1187,hCiPS
6.0,1188,hCiPS
6.0,1189,hCiPS
6.0,1190,hCiPS
6.0,1191,hCiPS
6.0,1192,epithelial_like
6.0,1193,hCiPS
6.0,1194,epithelial_like
6.0,1195,hCiPS
6.0,1196,hCiPS
6.0,1197,hCiPS
6.0,1198,hCiPS
6.0,1199,hCiPS
6.0,1200,hCiPS
6.0,1201,hCiPS
6.0,1202,epithelial_like
6.0,1203,epithelial_like
6.0,1204,epithelial_like
6.0,1205,hCiPS
6.0,1206,hCiPS
6.0,1207,hCiPS
6.0,1208,hCiPS
6.0,1209,hCiPS
6.0,1210,hCiPS
6.0,1211,hCiPS
6.0,1212,hCiPS
6.0,1213,hCiPS
6.0,1214,hCiPS
6.0,1215,hCiPS
6.0,1216,hCiPS
6.0,1217,hCiPS
6.0,1218,hCiPS
6.0,1219,hCiPS
6.0,1220,hCiPS
6.0,1221,hCiPS
6.0,1222,hCiPS
6.0,1223,hCiPS
6.0,1224,hCiPS
6.0,1225,hCiPS
6.0,1226,hCiPS
6.0,1227,hCiPS
6.0,1228,hCiPS
6.0,1229,hCiPS
6.0,1230,hCiPS
6.0,1231,hCiPS
6.0,1232,hCiPS
6.0,1233,hCiPS
6.0,1234,hCiPS
6.0,1235,hCiPS
6.0,1236,hCiPS
6.0,1237,hCiPS
6.0,1238,hCiPS
6.0,1239,hCiPS
6.0,1240,hCiPS
6.0,1241,hCiPS
6.0,1242,hCiPS
6.0,1243,hCiPS
6.0,1244,hCiPS
6.0,1245,hCiPS
6.0,1246,hCiPS
6.0,1247,hCiPS
6.0,1248,hCiPS
6.0,1249,hCiPS
6.0,1250,hCiPS
6.0,1251,hCiPS
6.0,1252,hCiPS
6.0,1253,hCiPS
6.0,1254,hCiPS
6.0,1255,hCiPS
6.0,1256,hCiPS
6.0,1257,hCiPS
6.0,1258,hCiPS
6.0,1259,hCiPS
6.0,1260,hCiPS
6.0,1261,hCiPS
6.0,1262,hCiPS
6.0,1263,hCiPS
6.0,1264,hCiPS
6.0,1265,hCiPS
6.0,1266,hCiPS
6.0,1267,intermediate_plastic
6.0,1268,epithelial_like
6.0,1269,hCiPS
6.0,1270,epithelial_like
6.0,1271,intermediate_plastic
6.0,1272,hCiPS
6.0,1273,hCiPS
6.0,1274,epithelial_like
6.0,1275,hCiPS
6.0,1276,hCiPS
6.0,1277,hCiPS
6.0,1278,hCiPS
6.0,1279,hCiPS
6.0,1280,hCiPS
6.0,1281,intermediate_plastic
6.0,1282,hCiPS
6.0,1283,hCiPS
6.0,1284,hCiPS
6.0,1285,hCiPS
6.0,1286,hCiPS
6.0,1287,hCiPS
6.0,1288,epithelial_like
6.0,1289,hCiPS
6.0,1290,hCiPS
6.0,1291,hCiPS
6.0,1292,hCiPS
6.0,1293,hCiPS
6.0,1294,hCiPS
6.0,1295,hCiPS
6.0,1296,hCiPS
6.0,1297,hCiPS
6.0,1298,hCiPS
6.0,1299,hCiPS
6.0,1300,hCiPS
6.0,1301,hCiPS
6.0,1302,hCiPS
6.0,1303,hCiPS
6.0,1304,hCiPS
6.0,1305,hCiPS
6.0,1306,hCiPS
6.0,1307,hCiPS
6.0,1308,hCiPS
6.0,1309,hCiPS
6.0,1310,hCiPS
6.0,1311,hCiPS
6.0,1312,epithelial_like
6.0,1313,hCiPS
6.0,1314,hCiPS
6.0,1315,hCiPS
6.0,1316,hCiPS
6.0,1317,hCiPS
6.0,1318,epithelial_like
6.0,1319,hCiPS
6.0,1320,hCiPS
6.0,1321,hCiPS
6.0,1322,hCiPS
6.0,1323,hCiPS
6.0,1324,hCiPS
6.0,1325,hCiPS
6.0,1326,hCiPS
6.0,1327,hCiPS
6.0,1328,hCiPS
6.0,1329,hCiPS
6.0,1330,hCiPS
6.0,1331,hCiPS
6.0,1332,hCiPS
6.0,1333,hCiPS
6.0,1334,hCiPS
6.0,1335,hCiPS
6.0,1336,epithelial_like
6.0,1337,hCiPS
6.0,1338,hCiPS
6.0,1339,hCiPS
6.0,1340,hCiPS
6.0,1341,hCiPS
6.0,1342,hCiPS
6.0,1343,hCiPS
6.0,1344,intermediate_plastic
6.0,1345,hCiPS
6.0,1346,hCiPS
6.0,1347,hCiPS
6.0,1348,hCiPS
6.0,1349,hCiPS
6.0,1350,hCiPS
6.0,1351,hCiPS
6.0,1352,hCiPS
6.0,1353,intermediate_plastic
6.0,1354,hCiPS
6.0,1355,hCiPS
6.0,1356,hCiPS
6.0,1357,hCiPS
6.0,1358,hCiPS
6.0,1359,hCiPS
6.0,1360,hCiPS
6.0,1361,hCiPS
6.0,1362,hCiPS
6.0,1363,intermediate_plastic
6.0,1364,hCiPS
6.0,1365,hCiPS
6.0,1366,hCiPS
6.0,1367,hCiPS
6.0,1368,hCiPS
6.0,1369,hCiPS
6.0,1370,hCiPS
6.0,1371,hCiPS
6.0,1372,hCiPS
6.0,1373,epithelial_like
6.0,1374,intermediate_plastic
6.0,1375,hCiPS
6.0,1376,intermediate_plastic
6.0,1377,hCiPS
6.0,1378,hCiPS
6.0,1379,hCiPS
6.0,1380,epithelial_like
6.0,1381,hCiPS
6.0,1382,hCiPS
6.0,1383,hCiPS
6.0,1384,hCiPS
6.0,1385,hCiPS
6.0,1386,hCiPS
6.0,1387,hCiPS
6.0,1388,hCiPS
6.0,1389,hCiPS
6.0,1390,epithelial_like
6.0,1391,hCiPS
6.0,1392,hCiPS
6.0,1393,hCiPS
6.0,1394,hCiPS
6.0,1395,hCiPS
6.0,1396,hCiPS
6.0,1397,hCiPS
6.0,1398,hCiPS
6.0,1399,hCiPS
6.0,1400,hCiPS
6.0,1401,hCiPS
6.0,1402,hCiPS
6.0,1403,hCiPS
6.0,1404,hCiPS
6.0,1405,hCiPS
6.0,1406,hCiPS
6.0,1407,hCiPS
6.0,1408,hCiPS
6.0,1409,hCiPS
6.0,1410,epithelial_like
6.0,1411,epithelial_like
6.0,1412,hCiPS
6.0,1413,hCiPS
6.0,1414,intermediate_plastic
6.0,1415,hCiPS
6.0,1416,hCiPS
6.0,1417,hCiPS
6.0,1418,hCiPS
6.0,1419,epithelial_like
6.0,1420,hCiPS
6.0,1421,hCiPS
6.0,1422,hCiPS
6.0,1423,hCiPS
6.0,1424,hCiPS
6.0,1425,hCiPS
6.0,1426,hCiPS
6.0,1427,hCiPS
6.0,1428,hCiPS
6.0,1429,hCiPS
6.0,1430,hCiPS
6.0,1431,hCiPS
6.0,1432,hCiPS
6.0,1433,hCiPS
6.0,1434,hCiPS
6.0,1435,hCiPS
6.0,1436,hCiPS
6.0,1437,hCiPS
6.0,1438,hCiPS
6.0,1439,hCiPS
6.0,1440,hCiPS
6.0,1441,hCiPS
6.0,1442,hCiPS
6.0,1443,hCiPS
6.0,1444,hCiPS
6.0,1445,hCiPS
6.0,1446,hCiPS
6.0,1447,hCiPS
6.0,1448,hCiPS
6.0,1449,hCiPS
6.0,1450,epithelial_like
6.0,1451,hCiPS
6.0,1452,epithelial_like
6.0,1453,hCiPS
6.0,1454,hCiPS
6.0,1455,hCiPS
6.0,1456,hCiPS
6.0,1457,hCiPS
6.0,1458,hCiPS
6.0,1459,hCiPS
6.0,1460,hCiPS
6.0,1461,hCiPS
6.0,1462,hCiPS
6.0,1463,hCiPS
6.0,1464,epithelial_like
6.0,1465,hCiPS
6.0,1466,hCiPS
6.0,1467,hCiPS
6.0,1468,hCiPS
6.0,1469,hCiPS
6.0,1470,hCiPS
6.0,1471,hCiPS
6.0,1472,intermediate_plastic
6.0,1473,epithelial_like
6.0,1474,hCiPS
6.0,1475,hCiPS
6.0,1476,hCiPS
6.0,1477,hCiPS
6.0,1478,hCiPS
6.0,1479,hCiPS
6.0,1480,hCiPS
6.0,1481,hCiPS
6.0,1482,hCiPS
6.0,1483,hCiPS
6.0,1484,hCiPS
6.0,1485,hCiPS
6.0,1486,hCiPS
6.0,1487,intermediate_plastic
6.0,1488,hCiPS
6.0,1489,hCiPS
6.0,1490,hCiPS
6.0,1491,hCiPS
6.0,1492,hCiPS
6.0,1493,hCiPS
6.0,1494,hCiPS
6.0,1495,hCiPS
6.0,1496,hCiPS
6.0,1497,hCiPS
6.0,1498,hCiPS
6.0,1499,hCiPS
6.0,1500,hCiPS
6.0,1501,hCiPS
6.0,1502,hCiPS
6.0,1503,hCiPS
6.0,1504,hCiPS
6.0,1505,hCiPS
6.0,1506,hCiPS
6.0,1507,hCiPS
6.0,1508,intermediate_plastic
6.0,1509,hCiPS
6.0,1510,hCiPS
6.0,1511,hCiPS
6.0,1512,hCiPS
6.0,1513,hCiPS
6.0,1514,hCiPS
6.0,1515,hCiPS
6.0,1516,hCiPS
6.0,1517,hCiPS
6.0,1518,hCiPS
6.0,1519,intermediate_plastic
6.0,1520,hCiPS
6.0,1521,hCiPS
6.0,1522,hCiPS
6.0,1523,epithelial_like
6.0,1524,epithelial_like
6.0,1525,hCiPS
6.0,1526,hCiPS
6.0,1527,hCiPS
6.0,1528,hCiPS
6.0,1529,hCiPS
6.0,1530,hCiPS
6.0,1531,hCiPS
6.0,1532,hCiPS
6.0,1533,hCiPS
6.0,1534,hCiPS
6.0,1535,hCiPS
6.0,1536,hCiPS
6.0,1537,hCiPS
6.0,1538,hCiPS
6.0,1539,hCiPS
6.0,1540,hCiPS
6.0,1541,hCiPS
6.0,1542,epithelial_like
6.0,1543,hCiPS
6.0,1544,hCiPS
6.0,1545,hCiPS
6.0,1546,hCiPS
6.0,1547,epithelial_like
6.0,1548,hCiPS
6.0,1549,hCiPS
6.0,1550,hCiPS
6.0,1551,epithelial_like
6.0,1552,hCiPS
6.0,1553,hCiPS
6.0,1554,hCiPS
6.0,1555,hCiPS
6.0,1556,hCiPS
6.0,1557,hCiPS
6.0,1558,hCiPS
6.0,1559,epithelial_like
6.0,1560,hCiPS
6.0,1561,hCiPS
6.0,1562,hCiPS
6.0,1563,hCiPS
6.0,1564,intermediate_plastic
6.0,1565,hCiPS
6.0,1566,hCiPS
6.0,1567,epithelial_like
6.0,1568,hCiPS
6.0,1569,hCiPS
6.0,1570,hCiPS
6.0,1571,hCiPS
6.0,1572,hCiPS
6.0,1573,hCiPS
6.0,1574,hCiPS
6.0,1575,hCiPS
6.0,1576,hCiPS
6.0,1577,epithelial_like
6.0,1578,hCiPS
6.0,1579,hCiPS
6.0,1580,hCiPS
6.0,1581,intermediate_plastic
6.0,1582,hCiPS
6.0,1583,hCiPS
6.0,1584,intermediate_plastic
6.0,1585,hCiPS
6.0,1586,hCiPS
6.0,1587,hCiPS
6.0,1588,hCiPS
6.0,1589,hCiPS
6.0,1590,intermediate_plastic
6.0,1591,hCiPS
6.0,1592,hCiPS
6.0,1593,hCiPS
6.0,1594,hCiPS
6.0,1595,hCiPS
6.0,1596,hCiPS
6.0,1597,hCiPS
6.0,1598,hCiPS
6.0,1599,hCiPS
6.0,1600,hCiPS
6.0,1601,hCiPS
6.0,1602,hCiPS
6.0,1603,hCiPS
6.0,1604,hCiPS
6.0,1605,hCiPS
6.0,1606,hCiPS
6.0,1607,hCiPS
6.0,1608,hCiPS
6.0,1609,intermediate_plastic
6.0,1610,hCiPS
6.0,1611,hCiPS
6.0,1612,hCiPS
6.0,1613,hCiPS
6.0,1614,hCiPS
6.0,1615,hCiPS
6.0,1616,hCiPS
6.0,1617,hCiPS
6.0,1618,hCiPS
6.0,1619,hCiPS
6.0,1620,hCiPS
6.0,1621,hCiPS
6.0,1622,hCiPS
6.0,1623,hCiPS
6.0,1624,hCiPS
6.0,1625,hCiPS
6.0,1626,hCiPS
6.0,1627,hCiPS
6.0,1628,hCiPS
6.0,1629,hCiPS
6.0,1630,hCiPS
6.0,1631,hCiPS
6.0,1632,hCiPS
6.0,1633,hCiPS
6.0,1634,hCiPS
6.0,1635,hCiPS
6.0,1636,hCiPS
6.0,1637,hCiPS
6.0,1638,hCiPS
6.0,1639,hCiPS
6.0,1640,hCiPS
6.0,1641,hCiPS
6.0,1642,hCiPS
6.0,1643,epithelial_like
6.0,1644,hCiPS
6.0,1645,hCiPS
6.0,1646,hCiPS
6.0,1647,hCiPS
6.0,1648,hCiPS
6.0,1649,hCiPS
6.0,1650,hCiPS
6.0,1651,hCiPS
6.0,1652,hCiPS
6.0,1653,hCiPS
6.0,1654,hCiPS
6.0,1655,epithelial_like
6.0,1656,hCiPS
6.0,1657,hCiPS
6.0,1658,hCiPS
6.0,1659,hCiPS
6.0,1660,hCiPS
6.0,1661,hCiPS
6.0,1662,epithelial_like
6.0,1663,hCiPS
6.0,1664,hCiPS
6.0,1665,hCiPS
6.0,1666,hCiPS
6.0,1667,hCiPS
6.0,1668,hCiPS
6.0,1669,hCiPS
6.0,1670,hCiPS
6.0,1671,hCiPS
6.0,1672,hCiPS
6.0,1673,epithelial_like
6.0,1674,hCiPS
6.0,1675,hCiPS
6.0,1676,hCiPS
6.0,1677,hCiPS
6.0,1678,hCiPS
6.0,1679,hCiPS
6.0,1680,hCiPS
6.0,1681,intermediate_plastic
6.0,1682,hCiPS
6.0,1683,hCiPS
6.0,1684,hCiPS
6.0,1685,hCiPS
6.0,1686,hCiPS
6.0,1687,hCiPS
6.0,1688,hCiPS
6.0,1689,hCiPS
6.0,1690,hCiPS
6.0,1691,hCiPS
6.0,1692,hCiPS
6.0,1693,hCiPS
6.0,1694,hCiPS
6.0,1695,hCiPS
6.0,1696,hCiPS
6.0,1697,hCiPS
6.0,1698,hCiPS
6.0,1699,hCiPS
6.0,1700,hCiPS
6.0,1701,intermediate_plastic
6.0,1702,hCiPS
6.0,1703,hCiPS
6.0,1704,hCiPS
6.0,1705,epithelial_like
6.0,1706,hCiPS
6.0,1707,hCiPS
6.0,1708,hCiPS
6.0,1709,epithelial_like
6.0,1710,hCiPS
6.0,1711,hCiPS
6.0,1712,hCiPS
6.0,1713,hCiPS
6.0,1714,hCiPS
6.0,1715,hCiPS
6.0,1716,hCiPS
6.0,1717,hCiPS
6.0,1718,hCiPS
6.0,1719,hCiPS
6.0,1720,hCiPS
6.0,1721,hCiPS
6.0,1722,hCiPS
6.0,1723,hCiPS
6.0,1724,hCiPS
6.0,1725,intermediate_plastic
6.0,1726,hCiPS
6.0,1727,hCiPS
6.0,1728,hCiPS
6.0,1729,hCiPS
6.0,1730,hCiPS
6.0,1731,hCiPS
6.0,1732,hCiPS
6.0,1733,hCiPS
6.0,1734,hCiPS
6.0,1735,hCiPS
6.0,1736,hCiPS
6.0,1737,hCiPS
6.0,1738,hCiPS
6.0,1739,hCiPS
6.0,1740,hCiPS
6.0,1741,hCiPS
6.0,1742,hCiPS
6.0,1743,hCiPS
6.0,1744,hCiPS
6.0,1745,hCiPS
6.0,1746,hCiPS
6.0,1747,hCiPS
6.0,1748,hCiPS
6.0,1749,hCiPS
6.0,1750,hCiPS
6.0,1751,epithelial_like
6.0,1752,hCiPS
6.0,1753,hCiPS
6.0,1754,hCiPS
6.0,1755,hCiPS
6.0,1756,hCiPS
6.0,1757,intermediate_plastic
6.0,1758,hCiPS
6.0,1759,hCiPS
6.0,1760,hCiPS
6.0,1761,epithelial_like
6.0,1762,hCiPS
6.0,1763,hCiPS
6.0,1764,hCiPS
6.0,1765,hCiPS
6.0,1766,hCiPS
6.0,1767,hCiPS
6.0,1768,hCiPS
6.0,1769,hCiPS
6.0,1770,hCiPS
6.0,1771,hCiPS
6.0,1772,hCiPS
6.0,1773,hCiPS
6.0,1774,hCiPS
6.0,1775,hCiPS
6.0,1776,hCiPS
6.0,1777,hCiPS
6.0,1778,hCiPS
6.0,1779,hCiPS
6.0,1780,hCiPS
6.0,1781,hCiPS
6.0,1782,intermediate_plastic
6.0,1783,hCiPS
6.0,1784,hCiPS
6.0,1785,hCiPS
6.0,1786,hCiPS
6.0,1787,epithelial_like
6.0,1788,hCiPS
6.0,1789,hCiPS
6.0,1790,hCiPS
6.0,1791,hCiPS
6.0,1792,hCiPS
6.0,1793,hCiPS
6.0,1794,epithelial_like
6.0,1795,hCiPS
6.0,1796,hCiPS
6.0,1797,hCiPS
6.0,1798,hCiPS
6.0,1799,hCiPS
6.0,1800,hCiPS
6.0,1801,hCiPS
6.0,1802,hCiPS
6.0,1803,hCiPS
6.0,1804,epithelial_like
6.0,1805,hCiPS
6.0,1806,hCiPS
6.0,1807,hCiPS
6.0,1808,hCiPS
6.0,1809,hCiPS
6.0,1810,hCiPS
6.0,1811,hCiPS
6.0,1812,hCiPS
6.0,1813,hCiPS
6.0,1814,hCiPS
6.0,1815,hCiPS
6.0,1816,hCiPS
6.0,1817,hCiPS
6.0,1818,hCiPS
6.0,1819,hCiPS
6.0,1820,hCiPS
6.0,1821,hCiPS
6.0,1822,hCiPS
6.0,1823,hCiPS
6.0,1824,hCiPS
6.0,1825,hCiPS
6.0,1826,hCiPS
6.0,1827,hCiPS
6.0,1828,hCiPS
6.0,1829,hCiPS
6.0,1830,epithelial_like
6.0,1831,hCiPS
6.0,1832,hCiPS
6.0,1833,hCiPS
6.0,1834,hCiPS
6.0,1835,hCiPS
6.0,1836,hCiPS
6.0,1837,hCiPS
6.0,1838,hCiPS
6.0,1839,hCiPS
6.0,1840,epithelial_like
6.0,1841,hCiPS
6.0,1842,hCiPS
6.0,1843,hCiPS
6.0,1844,hCiPS
6.0,1845,hCiPS
6.0,1846,hCiPS
6.0,1847,hCiPS
6.0,1848,hCiPS
6.0,1849,hCiPS
6.0,1850,hCiPS
6.0,1851,intermediate_plastic
6.0,1852,hCiPS
6.0,1853,hCiPS
6.0,1854,hCiPS
6.0,1855,hCiPS
6.0,1856,hCiPS
6.0,1857,hCiPS
6.0,1858,hCiPS
6.0,1859,hCiPS
6.0,1860,hCiPS
6.0,1861,hCiPS
6.0,1862,hCiPS
6.0,1863,hCiPS
6.0,1864,hCiPS
6.0,1865,hCiPS
6.0,1866,hCiPS
6.0,1867,hCiPS
6.0,1868,hCiPS
6.0,1869,hCiPS
6.0,1870,hCiPS
6.0,1871,hCiPS
6.0,1872,hCiPS
6.0,1873,hCiPS
6.0,1874,hCiPS
6.0,1875,epithelial_like
6.0,1876,epithelial_like
6.0,1877,hCiPS
6.0,1878,hCiPS
6.0,1879,hCiPS
6.0,1880,hCiPS
6.0,1881,hCiPS
6.0,1882,hCiPS
6.0,1883,hCiPS
6.0,1884,hCiPS
6.0,1885,epithelial_like
6.0,1886,hCiPS
6.0,1887,hCiPS
6.0,1888,epithelial_like
6.0,1889,hCiPS
6.0,1890,hCiPS
6.0,1891,hCiPS
6.0,1892,hCiPS
6.0,1893,hCiPS
6.0,1894,hCiPS
6.0,1895,epithelial_like
6.0,1896,hCiPS
6.0,1897,hCiPS
6.0,1898,hCiPS
6.0,1899,hCiPS
6.0,1900,hCiPS
6.0,1901,hCiPS
6.0,1902,hCiPS
6.0,1903,hCiPS
6.0,1904,hCiPS
6.0,1905,epithelial_like
6.0,1906,hCiPS
6.0,1907,epithelial_like
6.0,1908,intermediate_plastic
6.0,1909,hCiPS
6.0,1910,hCiPS
6.0,1911,hCiPS
6.0,1912,hCiPS
6.0,1913,hCiPS
6.0,1914,hCiPS
6.0,1915,hCiPS
6.0,1916,hCiPS
6.0,1917,intermediate_plastic
6.0,1918,hCiPS
6.0,1919,hCiPS
6.0,1920,hCiPS
6.0,1921,hCiPS
6.0,1922,hCiPS
6.0,1923,hCiPS
6.0,1924,hCiPS
6.0,1925,hCiPS
6.0,1926,epithelial_like
6.0,1927,hCiPS
6.0,1928,hCiPS
6.0,1929,hCiPS
6.0,1930,hCiPS
6.0,1931,hCiPS
6.0,1932,hCiPS
6.0,1933,hCiPS
6.0,1934,hCiPS
6.0,1935,hCiPS
6.0,1936,hCiPS
6.0,1937,hCiPS
6.0,1938,hCiPS
6.0,1939,epithelial_like
6.0,1940,epithelial_like
6.0,1941,hCiPS
6.0,1942,hCiPS
6.0,1943,hCiPS
6.0,1944,hCiPS
6.0,1945,hCiPS
6.0,1946,hCiPS
6.0,1947,epithelial_like
6.0,1948,hCiPS
6.0,1949,hCiPS
6.0,1950,hCiPS
6.0,1951,hCiPS
6.0,1952,hCiPS
6.0,1953,hCiPS
6.0,1954,hCiPS
6.0,1955,hCiPS
6.0,1956,hCiPS
6.0,1957,epithelial_like
6.0,1958,hCiPS
6.0,1959,epithelial_like
6.0,1960,hCiPS
6.0,1961,hCiPS
6.0,1962,hCiPS
6.0,1963,hCiPS
6.0,1964,hCiPS
6.0,1965,hCiPS
6.0,1966,hCiPS
6.0,1967,epithelial_like
6.0,1968,hCiPS
6.0,1969,hCiPS
6.0,1970,hCiPS
6.0,1971,hCiPS
6.0,1972,hCiPS
6.0,1973,hCiPS
6.0,1974,intermediate_plastic
6.0,1975,hCiPS
6.0,1976,hCiPS
6.0,1977,hCiPS
6.0,1978,hCiPS
6.0,1979,hCiPS
6.0,1980,hCiPS
6.0,1981,hCiPS
6.0,1982,hCiPS
6.0,1983,hCiPS
6.0,1984,hCiPS
6.0,1985,hCiPS
6.0,1986,hCiPS
6.0,1987,hCiPS
6.0,1988,hCiPS
6.0,1989,hCiPS
6.0,1990,hCiPS
6.0,1991,hCiPS
6.0,1992,epithelial_like
6.0,1993,epithelial_like
6.0,1994,hCiPS
6.0,1995,hCiPS
6.0,1996,hCiPS
6.0,1997,hCiPS
6.0,1998,hCiPS
6.0,1999,hCiPS
8.0,0,hCiPS
8.0,1,hCiPS
8.0,2,hCiPS
8.0,3,hCiPS
8.0,4,hCiPS
8.0,5,hCiPS
8.0,6,hCiPS
8.0,7,hCiPS
8.0,8,hCiPS
8.0,9,hCiPS
8.0,10,hCiPS
8.0,11,hCiPS
8.0,12,hCiPS
8.0,13,hCiPS
8.0,14,hCiPS
8.0,15,hCiPS
8.0,16,hCiPS
8.0,17,hCiPS
8.0,18,hCiPS
8.0,19,hCiPS
8.0,20,hCiPS
8.0,21,hCiPS
8.0,22,hCiPS
8.0,23,hCiPS
8.0,24,hCiPS
8.0,25,hCiPS
8.0,26,hCiPS
8.0,27,hCiPS
8.0,28,hCiPS
8.0,29,hCiPS
8.0,30,hCiPS
8.0,31,hCiPS
8.0,32,hCiPS
8.0,33,hCiPS
8.0,34,hCiPS
8.0,35,hCiPS
8.0,36,hCiPS
8.0,37,hCiPS
8.0,38,hCiPS
8.0,39,hCiPS
8.0,40,hCiPS
8.0,41,hCiPS
8.0,42,hCiPS
8.0,43,hCiPS
8.0,44,hCiPS
8.0,45,hCiPS
8.0,46,hCiPS
8.0,47,hCiPS
8.0,48,hCiPS
8.0,49,hCiPS
8.0,50,hCiPS
8.0,51,hCiPS
8.0,52,hCiPS
8.0,53,hCiPS
8.0,54,hCiPS
8.0,55,hCiPS
8.0,56,hCiPS
8.0,57,hCiPS
8.0,58,hCiPS
8.0,59,hCiPS
8.0,60,hCiPS
8.0,61,hCiPS
8.0,62,hCiPS
8.0,63,hCiPS
8.0,64,hCiPS
8.0,65,hCiPS
8.0,66,hCiPS
8.0,67,hCiPS
8.0,68,hCiPS
8.0,69,hCiPS
8.0,70,hCiPS
8.0,71,hCiPS
8.0,72,hCiPS
8.0,73,hCiPS
8.0,74,hCiPS
8.0,75,hCiPS
8.0,76,hCiPS
8.0,77,hCiPS
8.0,78,hCiPS
8.0,79,hCiPS
8.0,80,hCiPS
8.0,81,hCiPS
8.0,82,hCiPS
8.0,83,hCiPS
8.0,84,hCiPS
8.0,85,hCiPS
8.0,86,hCiPS
8.0,87,hCiPS
8.0,88,hCiPS
8.0,89,hCiPS
8.0,90,hCiPS
8.0,91,hCiPS
8.0,92,hCiPS
8.0,93,hCiPS
8.0,94,hCiPS
8.0,95,hCiPS
8.0,96,hCiPS
8.0,97,hCiPS
8.0,98,hCiPS
8.0,99,hCiPS
8.0,100,hCiPS
8.0,101,hCiPS
8.0,102,hCiPS
8.0,103,hCiPS
8.0,104,hCiPS
8.0,105,hCiPS
8.0,106,hCiPS
8.0,107,hCiPS
8.0,108,hCiPS
8.0,109,hCiPS
8.0,110,hCiPS
8.0,111,hCiPS
8.0,112,hCiPS
8.0,113,hCiPS
8.0,114,hCiPS
8.0,115,hCiPS
8.0,116,hCiPS
8.0,117,hCiPS
8.0,118,hCiPS
8.0,119,hCiPS
8.0,120,hCiPS
8.0,121,hCiPS
8.0,122,hCiPS
8.0,123,hCiPS
8.0,124,hCiPS
8.0,125,hCiPS
8.0,126,hCiPS
8.0,127,hCiPS
8.0,128,hCiPS
8.0,129,hCiPS
8.0,130,hCiPS
8.0,131,hCiPS
8.0,132,hCiPS
8.0,133,hCiPS
8.0,134,hCiPS
8.0,135,hCiPS
8.0,136,hCiPS
8.0,137,hCiPS
8.0,138,epithelial_like
8.0,139,hCiPS
8.0,140,hCiPS
8.0,141,hCiPS
8.0,142,hCiPS
8.0,143,hCiPS
8.0,144,hCiPS
8.0,145,hCiPS
8.0,146,hCiPS
8.0,147,hCiPS
8.0,148,hCiPS
8.0,149,hCiPS
8.0,150,hCiPS
8.0,151,intermediate_plastic
8.0,152,hCiPS
8.0,153,hCiPS
8.0,154,hCiPS
8.0,155,hCiPS
8.0,156,hCiPS
8.0,157,hCiPS
8.0,158,hCiPS
8.0,159,hCiPS
8.0,160,hCiPS
8.0,161,hCiPS
8.0,162,hCiPS
8.0,163,hCiPS
8.0,164,hCiPS
8.0,165,hCiPS
8.0,166,hCiPS
8.0,167,hCiPS
8.0,168,intermediate_plastic
8.0,169,hCiPS
8.0,170,hCiPS
8.0,171,hCiPS
8.0,172,hCiPS
8.0,173,hCiPS
8.0,174,hCiPS
8.0,175,hCiPS
8.0,176,hCiPS
8.0,177,hCiPS
8.0,178,hCiPS
8.0,179,hCiPS
8.0,180,hCiPS
8.0,181,hCiPS
8.0,182,hCiPS
8.0,183,hCiPS
8.0,184,hCiPS
8.0,185,hCiPS
8.0,186,hCiPS
8.0,187,hCiPS
8.0,188,hCiPS
8.0,189,hCiPS
8.0,190,hCiPS
8.0,191,hCiPS
8.0,192,hCiPS
8.0,193,hCiPS
8.0,194,hCiPS
8.0,195,hCiPS
8.0,196,hCiPS
8.0,197,hCiPS
8.0,198,hCiPS
8.0,199,hCiPS
8.0,200,hCiPS
8.0,201,hCiPS
8.0,202,hCiPS
8.0,203,hCiPS
8.0,204,hCiPS
8.0,205,hCiPS
8.0,206,hCiPS
8.0,207,hCiPS
8.0,208,hCiPS
8.0,209,hCiPS
8.0,210,hCiPS
8.0,211,hCiPS
8.0,212,hCiPS
8.0,213,hCiPS
8.0,214,hCiPS
8.0,215,hCiPS
8.0,216,hCiPS
8.0,217,hCiPS
8.0,218,hCiPS
8.0,219,hCiPS
8.0,220,hCiPS
8.0,221,hCiPS
8.0,222,hCiPS
8.0,223,hCiPS
8.0,224,hCiPS
8.0,225,hCiPS
8.0,226,hCiPS
8.0,227,hCiPS
8.0,228,hCiPS
8.0,229,hCiPS
8.0,230,hCiPS
8.0,231,hCiPS
8.0,232,hCiPS
8.0,233,hCiPS
8.0,234,hCiPS
8.0,235,hCiPS
8.0,236,hCiPS
8.0,237,hCiPS
8.0,238,hCiPS
8.0,239,hCiPS
8.0,240,hCiPS
8.0,241,hCiPS
8.0,242,hCiPS
8.0,243,hCiPS
8.0,244,hCiPS
8.0,245,hCiPS
8.0,246,hCiPS
8.0,247,hCiPS
8.0,248,hCiPS
8.0,249,hCiPS
8.0,250,hCiPS
8.0,251,hCiPS
8.0,252,hCiPS
8.0,253,hCiPS
8.0,254,hCiPS
8.0,255,hCiPS
8.0,256,hCiPS
8.0,257,hCiPS
8.0,258,hCiPS
8.0,259,hCiPS
8.0,260,hCiPS
8.0,261,hCiPS
8.0,262,hCiPS
8.0,263,hCiPS
8.0,264,hCiPS
8.0,265,hCiPS
8.0,266,hCiPS
8.0,267,hCiPS
8.0,268,hCiPS
8.0,269,hCiPS
8.0,270,hCiPS
8.0,271,hCiPS
8.0,272,hCiPS
8.0,273,hCiPS
8.0,274,hCiPS
8.0,275,hCiPS
8.0,276,hCiPS
8.0,277,hCiPS
8.0,278,hCiPS
8.0,279,hCiPS
8.0,280,hCiPS
8.0,281,hCiPS
8.0,282,hCiPS
8.0,283,hCiPS
8.0,284,hCiPS
8.0,285,hCiPS
8.0,286,hCiPS
8.0,287,hCiPS
8.0,288,hCiPS
8.0,289,hCiPS
8.0,290,hCiPS
8.0,291,hCiPS
8.0,292,hCiPS
8.0,293,hCiPS
8.0,294,hCiPS
8.0,295,hCiPS
8.0,296,hCiPS
8.0,297,hCiPS
8.0,298,hCiPS
8.0,299,hCiPS
8.0,300,hCiPS
8.0,301,hCiPS
8.0,302,hCiPS
8.0,303,hCiPS
8.0,304,hCiPS
8.0,305,hCiPS
8.0,306,hCiPS
8.0,307,hCiPS
8.0,308,hCiPS
8.0,309,hCiPS
8.0,310,hCiPS
8.0,311,hCiPS
8.0,312,hCiPS
8.0,313,hCiPS
8.0,314,hCiPS
8.0,315,hCiPS
8.0,316,hCiPS
8.0,317,hCiPS
8.0,318,hCiPS
8.0,319,hCiPS
8.0,320,hCiPS
8.0,321,hCiPS
8.0,322,hCiPS
8.0,323,hCiPS
8.0,324,intermediate_plastic
8.0,325,hCiPS
8.0,326,hCiPS
8.0,327,hCiPS
8.0,328,hCiPS
8.0,329,hCiPS
8.0,330,hCiPS
8.0,331,hCiPS
8.0,332,hCiPS
8.0,333,hCiPS
8.0,334,hCiPS
8.0,335,hCiPS
8.0,336,hCiPS
8.0,337,hCiPS
8.0,338,hCiPS
8.0,339,hCiPS
8.0,340,hCiPS
8.0,341,hCiPS
8.0,342,hCiPS
8.0,343,hCiPS
8.0,344,hCiPS
8.0,345,hCiPS
8.0,346,hCiPS
8.0,347,hCiPS
8.0,348,hCiPS
8.0,349,hCiPS
8.0,350,hCiPS
8.0,351,hCiPS
8.0,352,hCiPS
8.0,353,hCiPS
8.0,354,hCiPS
8.0,355,hCiPS
8.0,356,hCiPS
8.0,357,hCiPS
8.0,358,hCiPS
8.0,359,hCiPS
8.0,360,hCiPS
8.0,361,hCiPS
8.0,362,hCiPS
8.0,363,hCiPS
8.0,364,hCiPS
8.0,365,hCiPS
8.0,366,hCiPS
8.0,367,hCiPS
8.0,368,hCiPS
8.0,369,hCiPS
8.0,370,hCiPS
8.0,371,hCiPS
8.0,372,hCiPS
8.0,373,hCiPS
8.0,374,hCiPS
8.0,375,hCiPS
8.0,376,hCiPS
8.0,377,hCiPS
8.0,378,hCiPS
8.0,379,hCiPS
8.0,380,hCiPS
8.0,381,hCiPS
8.0,382,hCiPS
8.0,383,hCiPS
8.0,384,hCiPS
8.0,385,hCiPS
8.0,386,hCiPS
8.0,387,hCiPS
8.0,388,hCiPS
8.0,389,hCiPS
8.0,390,hCiPS
8.0,391,hCiPS
8.0,392,hCiPS
8.0,393,hCiPS
8.0,394,hCiPS
8.0,395,hCiPS
8.0,396,hCiPS
8.0,397,hCiPS
8.0,398,intermediate_plastic
8.0,399,hCiPS
8.0,400,hCiPS
8.0,401,hCiPS
8.0,402,hCiPS
8.0,403,hCiPS
8.0,404,hCiPS
8.0,405,hCiPS
8.0,406,hCiPS
8.0,407,hCiPS
8.0,408,hCiPS
8.0,409,hCiPS
8.0,410,hCiPS
8.0,411,hCiPS
8.0,412,hCiPS
8.0,413,hCiPS
8.0,414,hCiPS
8.0,415,hCiPS
8.0,416,hCiPS
8.0,417,hCiPS
8.0,418,hCiPS
8.0,419,hCiPS
8.0,420,hCiPS
8.0,421,hCiPS
8.0,422,hCiPS
8.0,423,intermediate_plastic
8.0,424,hCiPS
8.0,425,hCiPS
8.0,426,hCiPS
8.0,427,hCiPS
8.0,428,hCiPS
8.0,429,hCiPS
8.0,430,hCiPS
8.0,431,hCiPS
8.0,432,intermediate_plastic
8.0,433,hCiPS
8.0,434,hCiPS
8.0,435,hCiPS
8.0,436,hCiPS
8.0,437,hCiPS
8.0,438,hCiPS
8.0,439,hCiPS
8.0,440,hCiPS
8.0,441,hCiPS
8.0,442,hCiPS
8.0,443,hCiPS
8.0,444,hCiPS
8.0,445,hCiPS
8.0,446,hCiPS
8.0,447,hCiPS
8.0,448,hCiPS
8.0,449,hCiPS
8.0,450,hCiPS
8.0,451,hCiPS
8.0,452,hCiPS
8.0,453,hCiPS
8.0,454,hCiPS
8.0,455,hCiPS
8.0,456,hCiPS
8.0,457,hCiPS
8.0,458,hCiPS
8.0,459,hCiPS
8.0,460,hCiPS
8.0,461,hCiPS
8.0,462,hCiPS
8.0,463,hCiPS
8.0,464,hCiPS
8.0,465,hCiPS
8.0,466,hCiPS
8.0,467,hCiPS
8.0,468,hCiPS
8.0,469,hCiPS
8.0,470,hCiPS
8.0,471,hCiPS
8.0,472,hCiPS
8.0,473,hCiPS
8.0,474,hCiPS
8.0,475,hCiPS
8.0,476,hCiPS
8.0,477,hCiPS
8.0,478,hCiPS
8.0,479,hCiPS
8.0,480,hCiPS
8.0,481,hCiPS
8.0,482,hCiPS
8.0,483,hCiPS
8.0,484,hCiPS
8.0,485,hCiPS
8.0,486,hCiPS
8.0,487,hCiPS
8.0,488,hCiPS
8.0,489,hCiPS
8.0,490,hCiPS
8.0,491,hCiPS
8.0,492,hCiPS
8.0,493,hCiPS
8.0,494,hCiPS
8.0,495,hCiPS
8.0,496,hCiPS
8.0,497,hCiPS
8.0,498,hCiPS
8.0,499,hCiPS
8.0,500,hCiPS
8.0,501,hCiPS
8.0,502,hCiPS
8.0,503,hCiPS
8.0,504,hCiPS
8.0,505,hCiPS
8.0,506,hCiPS
8.0,507,hCiPS
8.0,508,hCiPS
8.0,509,hCiPS
8.0,510,hCiPS
8.0,511,hCiPS
8.0,512,hCiPS
8.0,513,hCiPS
8.0,514,hCiPS
8.0,515,hCiPS
8.0,516,hCiPS
8.0,517,hCiPS
8.0,518,hCiPS
8.0,519,hCiPS
8.0,520,hCiPS
8.0,521,hCiPS
8.0,522,hCiPS
8.0,523,hCiPS
8.0,524,hCiPS
8.0,525,hCiPS
8.0,526,hCiPS
8.0,527,hCiPS
8.0,528,hCiPS
8.0,529,hCiPS
8.0,530,hCiPS
8.0,531,hCiPS
8.0,532,hCiPS
8.0,533,hCiPS
8.0,534,hCiPS
8.0,535,hCiPS
8.0,536,hCiPS
8.0,537,hCiPS
8.0,538,hCiPS
8.0,539,hCiPS
8.0,540,hCiPS
8.0,541,hCiPS
8.0,542,hCiPS
8.0,543,hCiPS
8.0,544,hCiPS
8.0,545,hCiPS
8.0,546,hCiPS
8.0,547,hCiPS
8.0,548,hCiPS
8.0,549,hCiPS
8.0,550,hCiPS
8.0,551,hCiPS
8.0,552,hCiPS
8.0,553,hCiPS
8.0,554,hCiPS
8.0,555,hCiPS
8.0,556,hCiPS
8.0,557,hCiPS
8.0,558,hCiPS
8.0,559,hCiPS
8.0,560,hCiPS
8.0,561,hCiPS
8.0,562,hCiPS
8.0,563,hCiPS
8.0,564,hCiPS
8.0,565,hCiPS
8.0,566,hCiPS
8.0,567,hCiPS
8.0,568,hCiPS
8.0,569,hCiPS
8.0,570,hCiPS
8.0,571,hCiPS
8.0,572,hCiPS
8.0,573,hCiPS
8.0,574,hCiPS
8.0,575,hCiPS
8.0,576,hCiPS
8.0,577,hCiPS
8.0,578,hCiPS
8.0,579,hCiPS
8.0,580,hCiPS
8.0,581,hCiPS
8.0,582,hCiPS
8.0,583,hCiPS
8.0,584,hCiPS
8.0,585,hCiPS
8.0,586,hCiPS
8.0,587,hCiPS
8.0,588,hCiPS
8.0,589,hCiPS
8.0,590,hCiPS
8.0,591,hCiPS
8.0,592,hCiPS
8.0,593,hCiPS
8.0,594,hCiPS
8.0,595,hCiPS
8.0,596,hCiPS
8.0,597,hCiPS
8.0,598,hCiPS
8.0,599,hCiPS
8.0,600,hCiPS
8.0,601,hCiPS
8.0,602,hCiPS
8.0,603,hCiPS
8.0,604,hCiPS
8.0,605,hCiPS
8.0,606,hCiPS
8.0,607,hCiPS
8.0,608,hCiPS
8.0,609,hCiPS
8.0,610,hCiPS
8.0,611,hCiPS
8.0,612,hCiPS
8.0,613,hCiPS
8.0,614,hCiPS
8.0,615,hCiPS
8.0,616,hCiPS
8.0,617,hCiPS
8.0,618,hCiPS
8.0,619,hCiPS
8.0,620,hCiPS
8.0,621,hCiPS
8.0,622,hCiPS
8.0,623,hCiPS
8.0,624,hCiPS
8.0,625,hCiPS
8.0,626,hCiPS
8.0,627,hCiPS
8.0,628,hCiPS
8.0,629,hCiPS
8.0,630,hCiPS
8.0,631,hCiPS
8.0,632,hCiPS
8.0,633,hCiPS
8.0,634,epithelial_like
8.0,635,hCiPS
8.0,636,hCiPS
8.0,637,hCiPS
8.0,638,hCiPS
8.0,639,hCiPS
8.0,640,hCiPS
8.0,641,hCiPS
8.0,642,hCiPS
8.0,643,hCiPS
8.0,644,hCiPS
8.0,645,hCiPS
8.0,646,hCiPS
8.0,647,hCiPS
8.0,648,hCiPS
8.0,649,hCiPS
8.0,650,hCiPS
8.0,651,hCiPS
8.0,652,hCiPS
8.0,653,hCiPS
8.0,654,hCiPS
8.0,655,hCiPS
8.0,656,hCiPS
8.0,657,hCiPS
8.0,658,hCiPS
8.0,659,hCiPS
8.0,660,hCiPS
8.0,661,hCiPS
8.0,662,hCiPS
8.0,663,hCiPS
8.0,664,hCiPS
8.0,665,hCiPS
8.0,666,hCiPS
8.0,667,hCiPS
8.0,668,hCiPS
8.0,669,hCiPS
8.0,670,hCiPS
8.0,671,hCiPS
8.0,672,hCiPS
8.0,673,hCiPS
8.0,674,hCiPS
8.0,675,hCiPS
8.0,676,hCiPS
8.0,677,hCiPS
8.0,678,hCiPS
8.0,679,hCiPS
8.0,680,hCiPS
8.0,681,hCiPS
8.0,682,hCiPS
8.0,683,hCiPS
8.0,684,hCiPS
8.0,685,hCiPS
8.0,686,hCiPS
8.0,687,hCiPS
8.0,688,hCiPS
8.0,689,hCiPS
8.0,690,hCiPS
8.0,691,hCiPS
8.0,692,hCiPS
8.0,693,hCiPS
8.0,694,hCiPS
8.0,695,hCiPS
8.0,696,hCiPS
8.0,697,hCiPS
8.0,698,hCiPS
8.0,699,hCiPS
8.0,700,hCiPS
8.0,701,hCiPS
8.0,702,hCiPS
8.0,703,hCiPS
8.0,704,hCiPS
8.0,705,hCiPS
8.0,706,hCiPS
8.0,707,hCiPS
8.0,708,hCiPS
8.0,709,hCiPS
8.0,710,hCiPS
8.0,711,hCiPS
8.0,712,hCiPS
8.0,713,hCiPS
8.0,714,hCiPS
8.0,715,hCiPS
8.0,716,hCiPS
8.0,717,hCiPS
8.0,718,hCiPS
8.0,719,intermediate_plastic
8.0,720,hCiPS
8.0,721,hCiPS
8.0,722,hCiPS
8.0,723,hCiPS
8.0,724,hCiPS
8.0,725,hCiPS
8.0,726,hCiPS
8.0,727,hCiPS
8.0,728,hCiPS
8.0,729,hCiPS
8.0,730,hCiPS
8.0,731,hCiPS
8.0,732,hCiPS
8.0,733,hCiPS
8.0,734,hCiPS
8.0,735,hCiPS
8.0,736,hCiPS
8.0,737,hCiPS
8.0,738,hCiPS
8.0,739,hCiPS
8.0,740,hCiPS
8.0,741,hCiPS
8.0,742,hCiPS
8.0,743,hCiPS
8.0,744,hCiPS
8.0,745,hCiPS
8.0,746,hCiPS
8.0,747,hCiPS
8.0,748,hCiPS
8.0,749,hCiPS
8.0,750,hCiPS
8.0,751,hCiPS
8.0,752,hCiPS
8.0,753,hCiPS
8.0,754,hCiPS
8.0,755,hCiPS
8.0,756,hCiPS
8.0,757,hCiPS
8.0,758,hCiPS
8.0,759,hCiPS
8.0,760,hCiPS
8.0,761,hCiPS
8.0,762,hCiPS
8.0,763,hCiPS
8.0,764,hCiPS
8.0,765,hCiPS
8.0,766,hCiPS
8.0,767,hCiPS
8.0,768,hCiPS
8.0,769,hCiPS
8.0,770,hCiPS
8.0,771,hCiPS
8.0,772,hCiPS
8.0,773,hCiPS
8.0,774,hCiPS
8.0,775,hCiPS
8.0,776,hCiPS
8.0,777,hCiPS
8.0,778,hCiPS
8.0,779,hCiPS
8.0,780,hCiPS
8.0,781,hCiPS
8.0,782,hCiPS
8.0,783,hCiPS
8.0,784,hCiPS
8.0,785,hCiPS
8.0,786,hCiPS
8.0,787,hCiPS
8.0,788,hCiPS
8.0,789,hCiPS
8.0,790,hCiPS
8.0,791,hCiPS
8.0,792,hCiPS
8.0,793,hCiPS
8.0,794,hCiPS
8.0,795,hCiPS
8.0,796,hCiPS
8.0,797,hCiPS
8.0,798,hCiPS
8.0,799,hCiPS
8.0,800,hCiPS
8.0,801,hCiPS
8.0,802,hCiPS
8.0,803,hCiPS
8.0,804,hCiPS
8.0,805,hCiPS
8.0,806,hCiPS
8.0,807,hCiPS
8.0,808,hCiPS
8.0,809,hCiPS
8.0,810,hCiPS
8.0,811,hCiPS
8.0,812,hCiPS
8.0,813,hCiPS
8.0,814,hCiPS
8.0,815,hCiPS
8.0,816,hCiPS
8.0,817,hCiPS
8.0,818,hCiPS
8.0,819,hCiPS
8.0,820,hCiPS
8.0,821,hCiPS
8.0,822,hCiPS
8.0,823,hCiPS
8.0,824,hCiPS
8.0,825,hCiPS
8.0,826,hCiPS
8.0,827,hCiPS
8.0,828,hCiPS
8.0,829,hCiPS
8.0,830,hCiPS
8.0,831,hCiPS
8.0,832,hCiPS
8.0,833,hCiPS
8.0,834,hCiPS
8.0,835,hCiPS
8.0,836,hCiPS
8.0,837,hCiPS
8.0,838,hCiPS
8.0,839,hCiPS
8.0,840,hCiPS
8.0,841,hCiPS
8.0,842,hCiPS
8.0,843,hCiPS
8.0,844,hCiPS
8.0,845,hCiPS
8.0,846,hCiPS
8.0,847,hCiPS
8.0,848,hCiPS
8.0,849,hCiPS
8.0,850,hCiPS
8.0,851,hCiPS
8.0,852,hCiPS
8.0,853,hCiPS
8.0,854,hCiPS
8.0,855,hCiPS
8.0,856,hCiPS
8.0,857,hCiPS
8.0,858,hCiPS
8.0,859,hCiPS
8.0,860,hCiPS
8.0,861,intermediate_plastic
8.0,862,hCiPS
8.0,863,hCiPS
8.0,864,hCiPS
8.0,865,epithelial_like
8.0,866,hCiPS
8.0,867,hCiPS
8.0,868,hCiPS
8.0,869,hCiPS
8.0,870,hCiPS
8.0,871,hCiPS
8.0,872,hCiPS
8.0,873,hCiPS
8.0,874,hCiPS
8.0,875,hCiPS
8.0,876,hCiPS
8.0,877,hCiPS
8.0,878,hCiPS
8.0,879,hCiPS
8.0,880,hCiPS
8.0,881,hCiPS
8.0,882,hCiPS
8.0,883,hCiPS
8.0,884,hCiPS
8.0,885,hCiPS
8.0,886,hCiPS
8.0,887,hCiPS
8.0,888,hCiPS
8.0,889,hCiPS
8.0,890,hCiPS
8.0,891,hCiPS
8.0,892,hCiPS
8.0,893,hCiPS
8.0,894,hCiPS
8.0,895,hCiPS
8.0,896,hCiPS
8.0,897,hCiPS
8.0,898,hCiPS
8.0,899,hCiPS
8.0,900,hCiPS
8.0,901,hCiPS
8.0,902,hCiPS
8.0,903,hCiPS
8.0,904,hCiPS
8.0,905,hCiPS
8.0,906,hCiPS
8.0,907,hCiPS
8.0,908,hCiPS
8.0,909,hCiPS
8.0,910,hCiPS
8.0,911,hCiPS
8.0,912,hCiPS
8.0,913,hCiPS
8.0,914,hCiPS
8.0,915,hCiPS
8.0,916,hCiPS
8.0,917,hCiPS
8.0,918,hCiPS
8.0,919,hCiPS
8.0,920,hCiPS
8.0,921,hCiPS
8.0,922,hCiPS
8.0,923,hCiPS
8.0,924,hCiPS
8.0,925,hCiPS
8.0,926,hCiPS
8.0,927,hCiPS
8.0,928,hCiPS
8.0,929,hCiPS
8.0,930,hCiPS
8.0,931,hCiPS
8.0,932,hCiPS
8.0,933,hCiPS
8.0,934,hCiPS
8.0,935,hCiPS
8.0,936,hCiPS
8.0,937,hCiPS
8.0,938,hCiPS
8.0,939,hCiPS
8.0,940,hCiPS
8.0,941,hCiPS
8.0,942,hCiPS
8.0,943,hCiPS
8.0,944,hCiPS
8.0,945,hCiPS
8.0,946,hCiPS
8.0,947,hCiPS
8.0,948,hCiPS
8.0,949,hCiPS
8.0,950,hCiPS
8.0,951,hCiPS
8.0,952,hCiPS
8.0,953,hCiPS
8.0,954,hCiPS
8.0,955,hCiPS
8.0,956,hCiPS
8.0,957,hCiPS
8.0,958,hCiPS
8.0,959,hCiPS
8.0,960,hCiPS
8.0,961,hCiPS
8.0,962,hCiPS
8.0,963,hCiPS
8.0,964,epithelial_like
8.0,965,hCiPS
8.0,966,hCiPS
8.0,967,hCiPS
8.0,968,hCiPS
8.0,969,hCiPS
8.0,970,hCiPS
8.0,971,hCiPS
8.0,972,hCiPS
8.0,973,hCiPS
8.0,974,hCiPS
8.0,975,hCiPS
8.0,976,hCiPS
8.0,977,hCiPS
8.0,978,hCiPS
8.0,979,hCiPS
8.0,980,hCiPS
8.0,981,hCiPS
8.0,982,hCiPS
8.0,983,hCiPS
8.0,984,hCiPS
8.0,985,hCiPS
8.0,986,hCiPS
8.0,987,hCiPS
8.0,988,hCiPS
8.0,989,hCiPS
8.0,990,hCiPS
8.0,991,hCiPS
8.0,992,hCiPS
8.0,993,hCiPS
8.0,994,hCiPS
8.0,995,hCiPS
8.0,996,hCiPS
8.0,997,hCiPS
8.0,998,hCiPS
8.0,999,hCiPS
8.0,1000,hCiPS
8.0,1001,hCiPS
8.0,1002,hCiPS
8.0,1003,hCiPS
8.0,1004,hCiPS
8.0,1005,hCiPS
8.0,1006,hCiPS
8.0,1007,hCiPS
8.0,1008,hCiPS
8.0,1009,hCiPS
8.0,1010,hCiPS
8.0,1011,hCiPS
8.0,1012,hCiPS
8.0,1013,hCiPS
8.0,1014,hCiPS
8.0,1015,hCiPS
8.0,1016,hCiPS
8.0,1017,hCiPS
8.0,1018,hCiPS
8.0,1019,hCiPS
8.0,1020,hCiPS
8.0,1021,hCiPS
8.0,1022,hCiPS
8.0,1023,hCiPS
8.0,1024,hCiPS
8.0,1025,hCiPS
8.0,1026,hCiPS
8.0,1027,hCiPS
8.0,1028,hCiPS
8.0,1029,hCiPS
8.0,1030,hCiPS
8.0,1031,hCiPS
8.0,1032,hCiPS
8.0,1033,hCiPS
8.0,1034,hCiPS
8.0,1035,hCiPS
8.0,1036,hCiPS
8.0,1037,hCiPS
8.0,1038,hCiPS
8.0,1039,hCiPS
8.0,1040,hCiPS
8.0,1041,hCiPS
8.0,1042,hCiPS
8.0,1043,hCiPS
8.0,1044,hCiPS
8.0,1045,hCiPS
8.0,1046,hCiPS
8.0,1047,hCiPS
8.0,1048,hCiPS
8.0,1049,hCiPS
8.0,1050,hCiPS
8.0,1051,hCiPS
8.0,1052,hCiPS
8.0,1053,hCiPS
8.0,1054,hCiPS
8.0,1055,hCiPS
8.0,1056,hCiPS
8.0,1057,hCiPS
8.0,1058,hCiPS
8.0,1059,hCiPS
8.0,1060,hCiPS
8.0,1061,hCiPS
8.0,1062,hCiPS
8.0,1063,hCiPS
8.0,1064,hCiPS
8.0,1065,hCiPS
8.0,1066,hCiPS
8.0,1067,hCiPS
8.0,1068,hCiPS
8.0,1069,hCiPS
8.0,1070,hCiPS
8.0,1071,hCiPS
8.0,1072,hCiPS
8.0,1073,hCiPS
8.0,1074,hCiPS
8.0,1075,hCiPS
8.0,1076,hCiPS
8.0,1077,hCiPS
8.0,1078,hCiPS
8.0,1079,intermediate_plastic
8.0,1080,epithelial_like
8.0,1081,hCiPS
8.0,1082,hCiPS
8.0,1083,hCiPS
8.0,1084,hCiPS
8.0,1085,hCiPS
8.0,1086,hCiPS
8.0,1087,hCiPS
8.0,1088,hCiPS
8.0,1089,hCiPS
8.0,1090,hCiPS
8.0,1091,hCiPS
8.0,1092,hCiPS
8.0,1093,hCiPS
8.0,1094,hCiPS
8.0,1095,hCiPS
8.0,1096,hCiPS
8.0,1097,hCiPS
8.0,1098,hCiPS
8.0,1099,hCiPS
8.0,1100,hCiPS
8.0,1101,hCiPS
8.0,1102,hCiPS
8.0,1103,hCiPS
8.0,1104,hCiPS
8.0,1105,hCiPS
8.0,1106,hCiPS
8.0,1107,hCiPS
8.0,1108,hCiPS
8.0,1109,hCiPS
8.0,1110,hCiPS
8.0,1111,hCiPS
8.0,1112,hCiPS
8.0,1113,hCiPS
8.0,1114,hCiPS
8.0,1115,hCiPS
8.0,1116,hCiPS
8.0,1117,hCiPS
8.0,1118,hCiPS
8.0,1119,hCiPS
8.0,1120,hCiPS
8.0,1121,hCiPS
8.0,1122,hCiPS
8.0,1123,hCiPS
8.0,1124,hCiPS
8.0,1125,hCiPS
8.0,1126,hCiPS
8.0,1127,hCiPS
8.0,1128,hCiPS
8.0,1129,hCiPS
8.0,1130,hCiPS
8.0,1131,hCiPS
8.0,1132,hCiPS
8.0,1133,hCiPS
8.0,1134,hCiPS
8.0,1135,hCiPS
8.0,1136,hCiPS
8.0,1137,hCiPS
8.0,1138,hCiPS
8.0,1139,hCiPS
8.0,1140,hCiPS
8.0,1141,hCiPS
8.0,1142,hCiPS
8.0,1143,hCiPS
8.0,1144,hCiPS
8.0,1145,hCiPS
8.0,1146,hCiPS
8.0,1147,hCiPS
8.0,1148,hCiPS
8.0,1149,hCiPS
8.0,1150,hCiPS
8.0,1151,hCiPS
8.0,1152,hCiPS
8.0,1153,hCiPS
8.0,1154,hCiPS
8.0,1155,hCiPS
8.0,1156,hCiPS
8.0,1157,hCiPS
8.0,1158,hCiPS
8.0,1159,hCiPS
8.0,1160,hCiPS
8.0,1161,hCiPS
8.0,1162,hCiPS
8.0,1163,hCiPS
8.0,1164,hCiPS
8.0,1165,hCiPS
8.0,1166,hCiPS
8.0,1167,hCiPS
8.0,1168,hCiPS
8.0,1169,hCiPS
8.0,1170,hCiPS
8.0,1171,hCiPS
8.0,1172,hCiPS
8.0,1173,hCiPS
8.0,1174,hCiPS
8.0,1175,hCiPS
8.0,1176,hCiPS
8.0,1177,hCiPS
8.0,1178,hCiPS
8.0,1179,hCiPS
8.0,1180,hCiPS
8.0,1181,hCiPS
8.0,1182,hCiPS
8.0,1183,hCiPS
8.0,1184,hCiPS
8.0,1185,hCiPS
8.0,1186,hCiPS
8.0,1187,hCiPS
8.0,1188,hCiPS
8.0,1189,hCiPS
8.0,1190,hCiPS
8.0,1191,hCiPS
8.0,1192,hCiPS
8.0,1193,hCiPS
8.0,1194,hCiPS
8.0,1195,hCiPS
8.0,1196,hCiPS
8.0,1197,hCiPS
8.0,1198,hCiPS
8.0,1199,hCiPS
8.0,1200,hCiPS
8.0,1201,hCiPS
8.0,1202,hCiPS
8.0,1203,hCiPS
8.0,1204,hCiPS
8.0,1205,hCiPS
8.0,1206,hCiPS
8.0,1207,hCiPS
8.0,1208,hCiPS
8.0,1209,hCiPS
8.0,1210,hCiPS
8.0,1211,hCiPS
8.0,1212,hCiPS
8.0,1213,hCiPS
8.0,1214,hCiPS
8.0,1215,hCiPS
8.0,1216,hCiPS
8.0,1217,hCiPS
8.0,1218,hCiPS
8.0,1219,hCiPS
8.0,1220,hCiPS
8.0,1221,hCiPS
8.0,1222,hCiPS
8.0,1223,hCiPS
8.0,1224,hCiPS
8.0,1225,hCiPS
8.0,1226,hCiPS
8.0,1227,hCiPS
8.0,1228,hCiPS
8.0,1229,hCiPS
8.0,1230,hCiPS
8.0,1231,hCiPS
8.0,1232,hCiPS
8.0,1233,hCiPS
8.0,1234,hCiPS
8.0,1235,hCiPS
8.0,1236,hCiPS
8.0,1237,hCiPS
8.0,1238,hCiPS
8.0,1239,hCiPS
8.0,1240,hCiPS
8.0,1241,hCiPS
8.0,1242,hCiPS
8.0,1243,hCiPS
8.0,1244,hCiPS
8.0,1245,hCiPS
8.0,1246,hCiPS
8.0,1247,hCiPS
8.0,1248,hCiPS
8.0,1249,hCiPS
8.0,1250,hCiPS
8.0,1251,hCiPS
8.0,1252,hCiPS
8.0,1253,hCiPS
8.0,1254,hCiPS
8.0,1255,hCiPS
8.0,1256,hCiPS
8.0,1257,hCiPS
8.0,1258,hCiPS
8.0,1259,hCiPS
8.0,1260,hCiPS
8.0,1261,hCiPS
8.0,1262,hCiPS
8.0,1263,hCiPS
8.0,1264,hCiPS
8.0,1265,hCiPS
8.0,1266,hCiPS
8.0,1267,hCiPS
8.0,1268,hCiPS
8.0,1269,hCiPS
8.0,1270,hCiPS
8.0,1271,hCiPS
8.0,1272,hCiPS
8.0,1273,hCiPS
8.0,1274,epithelial_like
8.0,1275,hCiPS
8.0,1276,hCiPS
8.0,1277,hCiPS
8.0,1278,hCiPS
8.0,1279,hCiPS
8.0,1280,hCiPS
8.0,1281,hCiPS
8.0,1282,hCiPS
8.0,1283,hCiPS
8.0,1284,hCiPS
8.0,1285,hCiPS
8.0,1286,hCiPS
8.0,1287,hCiPS
8.0,1288,hCiPS
8.0,1289,hCiPS
8.0,1290,hCiPS
8.0,1291,hCiPS
8.0,1292,hCiPS
8.0,1293,hCiPS
8.0,1294,hCiPS
8.0,1295,hCiPS
8.0,1296,hCiPS
8.0,1297,hCiPS
8.0,1298,hCiPS
8.0,1299,hCiPS
8.0,1300,hCiPS
8.0,1301,hCiPS
8.0,1302,hCiPS
8.0,1303,hCiPS
8.0,1304,hCiPS
8.0,1305,hCiPS
8.0,1306,hCiPS
8.0,1307,hCiPS
8.0,1308,hCiPS
8.0,1309,hCiPS
8.0,1310,hCiPS
8.0,1311,hCiPS
8.0,1312,epithelial_like
8.0,1313,hCiPS
8.0,1314,hCiPS
8.0,1315,hCiPS
8.0,1316,hCiPS
8.0,1317,hCiPS
8.0,1318,hCiPS
8.0,1319,hCiPS
8.0,1320,hCiPS
8.0,1321,hCiPS
8.0,1322,hCiPS
8.0,1323,hCiPS
8.0,1324,hCiPS
8.0,1325,hCiPS
8.0,1326,hCiPS
8.0,1327,hCiPS
8.0,1328,hCiPS
8.0,1329,hCiPS
8.0,1330,hCiPS
8.0,1331,hCiPS
8.0,1332,hCiPS
8.0,1333,hCiPS
8.0,1334,hCiPS
8.0,1335,hCiPS
8.0,1336,hCiPS
8.0,1337,hCiPS
8.0,1338,hCiPS
8.0,1339,epithelial_like
8.0,1340,hCiPS
8.0,1341,hCiPS
8.0,1342,hCiPS
8.0,1343,hCiPS
8.0,1344,hCiPS
8.0,1345,hCiPS
8.0,1346,hCiPS
8.0,1347,hCiPS
8.0,1348,hCiPS
8.0,1349,hCiPS
8.0,1350,hCiPS
8.0,1351,hCiPS
8.0,1352,hCiPS
8.0,1353,hCiPS
8.0,1354,epithelial_like
8.0,1355,hCiPS
8.0,1356,hCiPS
8.0,1357,hCiPS
8.0,1358,hCiPS
8.0,1359,hCiPS
8.0,1360,hCiPS
8.0,1361,hCiPS
8.0,1362,hCiPS
8.0,1363,hCiPS
8.0,1364,hCiPS
8.0,1365,hCiPS
8.0,1366,hCiPS
8.0,1367,hCiPS
8.0,1368,hCiPS
8.0,1369,hCiPS
8.0,1370,hCiPS
8.0,1371,hCiPS
8.0,1372,hCiPS
8.0,1373,hCiPS
8.0,1374,hCiPS
8.0,1375,hCiPS
8.0,1376,hCiPS
8.0,1377,hCiPS
8.0,1378,hCiPS
8.0,1379,hCiPS
8.0,1380,hCiPS
8.0,1381,hCiPS
8.0,1382,hCiPS
8.0,1383,hCiPS
8.0,1384,hCiPS
8.0,1385,hCiPS
8.0,1386,hCiPS
8.0,1387,hCiPS
8.0,1388,hCiPS
8.0,1389,hCiPS
8.0,1390,hCiPS
8.0,1391,hCiPS
8.0,1392,hCiPS
8.0,1393,hCiPS
8.0,1394,hCiPS
8.0,1395,hCiPS
8.0,1396,hCiPS
8.0,1397,hCiPS
8.0,1398,hCiPS
8.0,1399,hCiPS
8.0,1400,hCiPS
8.0,1401,hCiPS
8.0,1402,hCiPS
8.0,1403,hCiPS
8.0,1404,hCiPS
8.0,1405,hCiPS
8.0,1406,hCiPS
8.0,1407,hCiPS
8.0,1408,hCiPS
8.0,1409,epithelial_like
8.0,1410,hCiPS
8.0,1411,hCiPS
8.0,1412,hCiPS
8.0,1413,hCiPS
8.0,1414,hCiPS
8.0,1415,hCiPS
8.0,1416,hCiPS
8.0,1417,hCiPS
8.0,1418,hCiPS
8.0,1419,hCiPS
8.0,1420,hCiPS
8.0,1421,hCiPS
8.0,1422,hCiPS
8.0,1423,hCiPS
8.0,1424,hCiPS
8.0,1425,hCiPS
8.0,1426,hCiPS
8.0,1427,hCiPS
8.0,1428,hCiPS
8.0,1429,hCiPS
8.0,1430,hCiPS
8.0,1431,hCiPS
8.0,1432,hCiPS
8.0,1433,hCiPS
8.0,1434,hCiPS
8.0,1435,hCiPS
8.0,1436,hCiPS
8.0,1437,hCiPS
8.0,1438,hCiPS
8.0,1439,hCiPS
8.0,1440,hCiPS
8.0,1441,hCiPS
8.0,1442,hCiPS
8.0,1443,hCiPS
8.0,1444,hCiPS
8.0,1445,hCiPS
8.0,1446,hCiPS
8.0,1447,hCiPS
8.0,1448,hCiPS
8.0,1449,hCiPS
8.0,1450,hCiPS
8.0,1451,hCiPS
8.0,1452,hCiPS
8.0,1453,hCiPS
8.0,1454,hCiPS
8.0,1455,hCiPS
8.0,1456,hCiPS
8.0,1457,hCiPS
8.0,1458,hCiPS
8.0,1459,hCiPS
8.0,1460,hCiPS
8.0,1461,hCiPS
8.0,1462,hCiPS
8.0,1463,hCiPS
8.0,1464,hCiPS
8.0,1465,hCiPS
8.0,1466,hCiPS
8.0,1467,hCiPS
8.0,1468,hCiPS
8.0,1469,epithelial_like
8.0,1470,hCiPS
8.0,1471,hCiPS
8.0,1472,hCiPS
8.0,1473,hCiPS
8.0,1474,hCiPS
8.0,1475,hCiPS
8.0,1476,hCiPS
8.0,1477,hCiPS
8.0,1478,hCiPS
8.0,1479,hCiPS
8.0,1480,hCiPS
8.0,1481,hCiPS
8.0,1482,hCiPS
8.0,1483,hCiPS
8.0,1484,hCiPS
8.0,1485,hCiPS
8.0,1486,hCiPS
8.0,1487,hCiPS
8.0,1488,hCiPS
8.0,1489,hCiPS
8.0,1490,hCiPS
8.0,1491,hCiPS
8.0,1492,hCiPS
8.0,1493,hCiPS
8.0,1494,hCiPS
8.0,1495,hCiPS
8.0,1496,hCiPS
8.0,1497,hCiPS
8.0,1498,hCiPS
8.0,1499,hCiPS
8.0,1500,hCiPS
8.0,1501,hCiPS
8.0,1502,hCiPS
8.0,1503,hCiPS
8.0,1504,hCiPS
8.0,1505,hCiPS
8.0,1506,hCiPS
8.0,1507,hCiPS
8.0,1508,hCiPS
8.0,1509,hCiPS
8.0,1510,hCiPS
8.0,1511,hCiPS
8.0,1512,hCiPS
8.0,1513,hCiPS
8.0,1514,epithelial_like
8.0,1515,hCiPS
8.0,1516,hCiPS
8.0,1517,hCiPS
8.0,1518,hCiPS
8.0,1519,hCiPS
8.0,1520,hCiPS
8.0,1521,hCiPS
8.0,1522,hCiPS
8.0,1523,hCiPS
8.0,1524,hCiPS
8.0,1525,hCiPS
8.0,1526,hCiPS
8.0,1527,hCiPS
8.0,1528,hCiPS
8.0,1529,hCiPS
8.0,1530,hCiPS
8.0,1531,hCiPS
8.0,1532,hCiPS
8.0,1533,hCiPS
8.0,1534,hCiPS
8.0,1535,hCiPS
8.0,1536,hCiPS
8.0,1537,hCiPS
8.0,1538,hCiPS
8.0,1539,hCiPS
8.0,1540,hCiPS
8.0,1541,hCiPS
8.0,1542,hCiPS
8.0,1543,hCiPS
8.0,1544,hCiPS
8.0,1545,hCiPS
8.0,1546,hCiPS
8.0,1547,hCiPS
8.0,1548,hCiPS
8.0,1549,hCiPS
8.0,1550,hCiPS
8.0,1551,hCiPS
8.0,1552,hCiPS
8.0,1553,hCiPS
8.0,1554,hCiPS
8.0,1555,hCiPS
8.0,1556,hCiPS
8.0,1557,hCiPS
8.0,1558,hCiPS
8.0,1559,hCiPS
8.0,1560,hCiPS
8.0,1561,hCiPS
8.0,1562,hCiPS
8.0,1563,hCiPS
8.0,1564,hCiPS
8.0,1565,hCiPS
8.0,1566,hCiPS
8.0,1567,hCiPS
8.0,1568,hCiPS
8.0,1569,hCiPS
8.0,1570,hCiPS
8.0,1571,hCiPS
8.0,1572,hCiPS
8.0,1573,hCiPS
8.0,1574,hCiPS
8.0,1575,hCiPS
8.0,1576,hCiPS
8.0,1577,hCiPS
8.0,1578,hCiPS
8.0,1579,hCiPS
8.0,1580,hCiPS
8.0,1581,hCiPS
8.0,1582,hCiPS
8.0,1583,hCiPS
8.0,1584,hCiPS
8.0,1585,hCiPS
8.0,1586,hCiPS
8.0,1587,hCiPS
8.0,1588,hCiPS
8.0,1589,hCiPS
8.0,1590,hCiPS
8.0,1591,hCiPS
8.0,1592,hCiPS
8.0,1593,hCiPS
8.0,1594,hCiPS
8.0,1595,hCiPS
8.0,1596,hCiPS
8.0,1597,hCiPS
8.0,1598,hCiPS
8.0,1599,hCiPS
8.0,1600,hCiPS
8.0,1601,hCiPS
8.0,1602,hCiPS
8.0,1603,hCiPS
8.0,1604,hCiPS
8.0,1605,hCiPS
8.0,1606,hCiPS
8.0,1607,hCiPS
8.0,1608,hCiPS
8.0,1609,hCiPS
8.0,1610,hCiPS
8.0,1611,hCiPS
8.0,1612,hCiPS
8.0,1613,hCiPS
8.0,1614,hCiPS
8.0,1615,hCiPS
8.0,1616,hCiPS
8.0,1617,hCiPS
8.0,1618,hCiPS
8.0,1619,hCiPS
8.0,1620,hCiPS
8.0,1621,hCiPS
8.0,1622,hCiPS
8.0,1623,hCiPS
8.0,1624,hCiPS
8.0,1625,hCiPS
8.0,1626,hCiPS
8.0,1627,hCiPS
8.0,1628,hCiPS
8.0,1629,hCiPS
8.0,1630,hCiPS
8.0,1631,hCiPS
8.0,1632,hCiPS
8.0,1633,hCiPS
8.0,1634,hCiPS
8.0,1635,hCiPS
8.0,1636,hCiPS
8.0,1637,hCiPS
8.0,1638,hCiPS
8.0,1639,hCiPS
8.0,1640,hCiPS
8.0,1641,hCiPS
8.0,1642,hCiPS
8.0,1643,hCiPS
8.0,1644,hCiPS
8.0,1645,hCiPS
8.0,1646,hCiPS
8.0,1647,hCiPS
8.0,1648,hCiPS
8.0,1649,hCiPS
8.0,1650,hCiPS
8.0,1651,hCiPS
8.0,1652,hCiPS
8.0,1653,hCiPS
8.0,1654,hCiPS
8.0,1655,hCiPS
8.0,1656,hCiPS
8.0,1657,hCiPS
8.0,1658,hCiPS
8.0,1659,hCiPS
8.0,1660,hCiPS
8.0,1661,hCiPS
8.0,1662,intermediate_plastic
8.0,1663,hCiPS
8.0,1664,hCiPS
8.0,1665,hCiPS
8.0,1666,hCiPS
8.0,1667,hCiPS
8.0,1668,hCiPS
8.0,1669,hCiPS
8.0,1670,hCiPS
8.0,1671,hCiPS
8.0,1672,hCiPS
8.0,1673,hCiPS
8.0,1674,hCiPS
8.0,1675,hCiPS
8.0,1676,hCiPS
8.0,1677,hCiPS
8.0,1678,hCiPS
8.0,1679,hCiPS
8.0,1680,hCiPS
8.0,1681,hCiPS
8.0,1682,hCiPS
8.0,1683,hCiPS
8.0,1684,hCiPS
8.0,1685,hCiPS
8.0,1686,hCiPS
8.0,1687,hCiPS
8.0,1688,hCiPS
8.0,1689,hCiPS
8.0,1690,hCiPS
8.0,1691,hCiPS
8.0,1692,hCiPS
8.0,1693,hCiPS
8.0,1694,hCiPS
8.0,1695,hCiPS
8.0,1696,hCiPS
8.0,1697,hCiPS
8.0,1698,hCiPS
8.0,1699,hCiPS
8.0,1700,hCiPS
8.0,1701,hCiPS
8.0,1702,hCiPS
8.0,1703,hCiPS
8.0,1704,hCiPS
8.0,1705,hCiPS
8.0,1706,hCiPS
8.0,1707,hCiPS
8.0,1708,hCiPS
8.0,1709,hCiPS
8.0,1710,hCiPS
8.0,1711,hCiPS
8.0,1712,hCiPS
8.0,1713,hCiPS
8.0,1714,hCiPS
8.0,1715,hCiPS
8.0,1716,hCiPS
8.0,1717,hCiPS
8.0,1718,hCiPS
8.0,1719,hCiPS
8.0,1720,hCiPS
8.0,1721,hCiPS
8.0,1722,hCiPS
8.0,1723,hCiPS
8.0,1724,hCiPS
8.0,1725,hCiPS
8.0,1726,hCiPS
8.0,1727,hCiPS
8.0,1728,hCiPS
8.0,1729,hCiPS
8.0,1730,hCiPS
8.0,1731,hCiPS
8.0,1732,hCiPS
8.0,1733,hCiPS
8.0,1734,hCiPS
8.0,1735,hCiPS
8.0,1736,hCiPS
8.0,1737,hCiPS
8.0,1738,hCiPS
8.0,1739,hCiPS
8.0,1740,hCiPS
8.0,1741,hCiPS
8.0,1742,hCiPS
8.0,1743,hCiPS
8.0,1744,hCiPS
8.0,1745,hCiPS
8.0,1746,hCiPS
8.0,1747,hCiPS
8.0,1748,hCiPS
8.0,1749,hCiPS
8.0,1750,hCiPS
8.0,1751,hCiPS
8.0,1752,hCiPS
8.0,1753,hCiPS
8.0,1754,hCiPS
8.0,1755,hCiPS
8.0,1756,hCiPS
8.0,1757,hCiPS
8.0,1758,hCiPS
8.0,1759,hCiPS
8.0,1760,hCiPS
8.0,1761,hCiPS
8.0,1762,hCiPS
8.0,1763,hCiPS
8.0,1764,hCiPS
8.0,1765,hCiPS
8.0,1766,hCiPS
8.0,1767,hCiPS
8.0,1768,hCiPS
8.0,1769,hCiPS
8.0,1770,hCiPS
8.0,1771,hCiPS
8.0,1772,hCiPS
8.0,1773,hCiPS
8.0,1774,hCiPS
8.0,1775,hCiPS
8.0,1776,hCiPS
8.0,1777,hCiPS
8.0,1778,hCiPS
8.0,1779,hCiPS
8.0,1780,hCiPS
8.0,1781,hCiPS
8.0,1782,hCiPS
8.0,1783,hCiPS
8.0,1784,hCiPS
8.0,1785,hCiPS
8.0,1786,hCiPS
8.0,1787,hCiPS
8.0,1788,hCiPS
8.0,1789,hCiPS
8.0,1790,hCiPS
8.0,1791,hCiPS
8.0,1792,hCiPS
8.0,1793,hCiPS
8.0,1794,hCiPS
8.0,1795,hCiPS
8.0,1796,hCiPS
8.0,1797,hCiPS
8.0,1798,hCiPS
8.0,1799,hCiPS
8.0,1800,hCiPS
8.0,1801,hCiPS
8.0,1802,hCiPS
8.0,1803,hCiPS
8.0,1804,hCiPS
8.0,1805,hCiPS
8.0,1806,hCiPS
8.0,1807,hCiPS
8.0,1808,hCiPS
8.0,1809,hCiPS
8.0,1810,hCiPS
8.0,1811,hCiPS
8.0,1812,hCiPS
8.0,1813,hCiPS
8.0,1814,hCiPS
8.0,1815,hCiPS
8.0,1816,hCiPS
8.0,1817,hCiPS
8.0,1818,hCiPS
8.0,1819,hCiPS
8.0,1820,hCiPS
8.0,1821,hCiPS
8.0,1822,hCiPS
8.0,1823,hCiPS
8.0,1824,hCiPS
8.0,1825,hCiPS
8.0,1826,hCiPS
8.0,1827,hCiPS
8.0,1828,hCiPS
8.0,1829,hCiPS
8.0,1830,hCiPS
8.0,1831,hCiPS
8.0,1832,hCiPS
8.0,1833,hCiPS
8.0,1834,intermediate_plastic
8.0,1835,hCiPS
8.0,1836,hCiPS
8.0,1837,hCiPS
8.0,1838,hCiPS
8.0,1839,hCiPS
8.0,1840,hCiPS
8.0,1841,hCiPS
8.0,1842,hCiPS
8.0,1843,hCiPS
8.0,1844,hCiPS
8.0,1845,hCiPS
8.0,1846,hCiPS
8.0,1847,hCiPS
8.0,1848,hCiPS
8.0,1849,hCiPS
8.0,1850,hCiPS
8.0,1851,hCiPS
8.0,1852,hCiPS
8.0,1853,hCiPS
8.0,1854,hCiPS
8.0,1855,hCiPS
8.0,1856,hCiPS
8.0,1857,hCiPS
8.0,1858,hCiPS
8.0,1859,hCiPS
8.0,1860,hCiPS
8.0,1861,hCiPS
8.0,1862,hCiPS
8.0,1863,hCiPS
8.0,1864,hCiPS
8.0,1865,hCiPS
8.0,1866,hCiPS
8.0,1867,hCiPS
8.0,1868,intermediate_plastic
8.0,1869,hCiPS
8.0,1870,hCiPS
8.0,1871,hCiPS
8.0,1872,hCiPS
8.0,1873,hCiPS
8.0,1874,hCiPS
8.0,1875,hCiPS
8.0,1876,hCiPS
8.0,1877,hCiPS
8.0,1878,hCiPS
8.0,1879,hCiPS
8.0,1880,hCiPS
8.0,1881,hCiPS
8.0,1882,hCiPS
8.0,1883,hCiPS
8.0,1884,hCiPS
8.0,1885,hCiPS
8.0,1886,hCiPS
8.0,1887,hCiPS
8.0,1888,hCiPS
8.0,1889,hCiPS
8.0,1890,hCiPS
8.0,1891,hCiPS
8.0,1892,hCiPS
8.0,1893,hCiPS
8.0,1894,hCiPS
8.0,1895,hCiPS
8.0,1896,hCiPS
8.0,1897,hCiPS
8.0,1898,hCiPS
8.0,1899,hCiPS
8.0,1900,hCiPS
8.0,1901,hCiPS
8.0,1902,hCiPS
8.0,1903,epithelial_like
8.0,1904,hCiPS
8.0,1905,hCiPS
8.0,1906,hCiPS
8.0,1907,hCiPS
8.0,1908,hCiPS
8.0,1909,hCiPS
8.0,1910,hCiPS
8.0,1911,hCiPS
8.0,1912,hCiPS
8.0,1913,hCiPS
8.0,1914,hCiPS
8.0,1915,hCiPS
8.0,1916,hCiPS
8.0,1917,intermediate_plastic
8.0,1918,hCiPS
8.0,1919,hCiPS
8.0,1920,hCiPS
8.0,1921,hCiPS
8.0,1922,hCiPS
8.0,1923,hCiPS
8.0,1924,hCiPS
8.0,1925,hCiPS
8.0,1926,hCiPS
8.0,1927,hCiPS
8.0,1928,hCiPS
8.0,1929,hCiPS
8.0,1930,hCiPS
8.0,1931,hCiPS
8.0,1932,hCiPS
8.0,1933,hCiPS
8.0,1934,hCiPS
8.0,1935,hCiPS
8.0,1936,hCiPS
8.0,1937,hCiPS
8.0,1938,hCiPS
8.0,1939,hCiPS
8.0,1940,epithelial_like
8.0,1941,hCiPS
8.0,1942,hCiPS
8.0,1943,hCiPS
8.0,1944,hCiPS
8.0,1945,hCiPS
8.0,1946,hCiPS
8.0,1947,hCiPS
8.0,1948,hCiPS
8.0,1949,hCiPS
8.0,1950,hCiPS
8.0,1951,hCiPS
8.0,1952,hCiPS
8.0,1953,hCiPS
8.0,1954,hCiPS
8.0,1955,hCiPS
8.0,1956,hCiPS
8.0,1957,hCiPS
8.0,1958,hCiPS
8.0,1959,hCiPS
8.0,1960,hCiPS
8.0,1961,hCiPS
8.0,1962,hCiPS
8.0,1963,hCiPS
8.0,1964,hCiPS
8.0,1965,hCiPS
8.0,1966,hCiPS
8.0,1967,hCiPS
8.0,1968,hCiPS
8.0,1969,hCiPS
8.0,1970,hCiPS
8.0,1971,hCiPS
8.0,1972,hCiPS
8.0,1973,hCiPS
8.0,1974,hCiPS
8.0,1975,hCiPS
8.0,1976,hCiPS
8.0,1977,hCiPS
8.0,1978,hCiPS
8.0,1979,hCiPS
8.0,1980,hCiPS
8.0,1981,hCiPS
8.0,1982,hCiPS
8.0,1983,hCiPS
8.0,1984,hCiPS
8.0,1985,hCiPS
8.0,1986,hCiPS
8.0,1987,hCiPS
8.0,1988,hCiPS
8.0,1989,hCiPS
8.0,1990,hCiPS
8.0,1991,hCiPS
8.0,1992,hCiPS
8.0,1993,hCiPS
8.0,1994,hCiPS
8.0,1995,hCiPS
8.0,1996,hCiPS
8.0,1997,hCiPS
8.0,1998,hCiPS
8.0,1999,hCiPS
