timepoint,rep_wasserstein_distance,rep_gaussian_mmd,rep_energy_distance_mmd,rep_hausdorff_loss,n_pred_cells,n_obs_cells,backend
16.33,14.785334172964248,0.0007590456549573705,0.23980298983213288,54.469248759357484,2000,6165,numpy_exact
16.67,14.782855498990417,0.0007547092639926215,0.23368808672062627,56.19723688817752,2000,2827,numpy_exact
17.0,10.701589849792786,0.0007503360614455904,0.20303279874094962,54.34179848904663,2000,4869,numpy_exact
18.0,13.012492018138525,0.0007365156704794754,0.41101922300509286,53.74048557198936,2000,6953,numpy_exact
20.0,11.07751851132661,0.0007094061764456167,0.25257174287744455,56.14034171160609,2000,4481,numpy_exact
22.0,15.329733909818954,0.0006862567185400923,0.213688172087641,59.034642953498256,2000,3416,numpy_exact
24.0,11.019408602152865,0.0006666339767329206,0.20479910741800453,60.68258374244419,2000,4206,numpy_exact
28.0,12.967256547299279,0.0006414073299973682,0.26365009163286063,61.69958326691216,2000,5244,numpy_exact
30.0,20.425765869932835,0.000637147694908158,0.3989418962680428,56.029568913871294,2000,9142,numpy_exact
